uid,pid,sadd,scity,scounty,lan_val,rgisacre,lat,lon
078000000055A6_ALBEMARLE_VA_442EA7FD-E3CB-4AEB-A1E5-61F47C29D782,078000000055A6,"250 PANTOPS MOUNTAIN RD, CHARLOTTESVILLE 22911",CHARLOTTESVILLE,ALBEMARLE,11746500,56.02034,38.029449,-78.435966
04800000001600_ALBEMARLE_VA_541A939D-6758-4881-AE4A-233EF36CA86F,04800000001600,"3929 STONY POINT RD, KESWICK 22947",KESWICK,ALBEMARLE,99000,2.43546,38.111625,-78.36763599999999
07500000003700_ALBEMARLE_VA_B7D3E13F-7CC8-4353-80EF-E74D6781BE8A,07500000003700,CHARLOTTESVILLE 22903,CHARLOTTESVILLE,ALBEMARLE,1600,1.31642,38.012179,-78.55644699999998
130A2000008700_ALBEMARLE_VA_3950642D-2EFE-4BA0-8364-A8959C634655,130A2000008700,"410 HARRISON ST, SCOTTSVILLE 24590",SCOTTSVILLE,ALBEMARLE,27300,0.21891,37.799185,-78.496749
08200000000700_ALBEMARLE_VA_AD6580B1-3FDC-413E-B94C-ED0BEED2232D,08200000000700,"2020 PADDOCK WOOD RD, KESWICK 22947",KESWICK,ALBEMARLE,21400,0.49559,38.040322,-78.276717
075000000036B0_ALBEMARLE_VA_ECEF31FB-A176-44D1-A75C-37DDDCD8157A,075000000036B0,"966 MONACAN TRAIL RD, CHARLOTTESVILLE 22903",CHARLOTTESVILLE,ALBEMARLE,111800,5.364809999999999,38.013169000000005,-78.55796500000001
07500000003600_ALBEMARLE_VA_2FFB7A25-123D-41D2-8D55-C19D2F6955D5,07500000003600,"960 MONACAN TRAIL RD, CHARLOTTESVILLE 22903",CHARLOTTESVILLE,ALBEMARLE,104200,3.9692,38.012228,-78.557481
128B0000000300_ALBEMARLE_VA_9D451091-4259-435F-895F-4FB527F1F4F9,128B0000000300,"7484 ESMONT RD, ESMONT 22937",ESMONT,ALBEMARLE,37500,2.37041,37.834359,-78.608019
075000000036A0_ALBEMARLE_VA_92B1765B-FE33-4D18-9856-BF179216EFBF,075000000036A0,CHARLOTTESVILLE 22903,CHARLOTTESVILLE,ALBEMARLE,700,0.43869,38.012732,-78.556666
078000000055A7_ALBEMARLE_VA_022BE4F3-1BC4-45B2-94FD-E7C773A78795,078000000055A7,PANTOPS 22911,PANTOPS,ALBEMARLE,1365000,2.12828,38.026227000000006,-78.437635
046000000026F0_ALBEMARLE_VA_F005DACE-45CB-4F16-8A49-119099619D4C,046000000026F0,"1700 ASHWOOD BLVD, HOLLYMEAD 22911",HOLLYMEAD,ALBEMARLE,1526800,20.049760000000003,38.108745,-78.437605
45704000_ALEXANDRIA_VA_A158B9EE-3312-4DCA-AB2E-E8D691458388,45704000,"4200 WEST BRADDOCK RD, ALEXANDRIA 22304",ALEXANDRIA,ALEXANDRIA,28606956,32.486059999999995,38.827109,-77.10169
15457500_ALEXANDRIA_VA_47B81CE5-5B6A-4988-9D3F-216922D222DA,15457500,"3315 LANDOVER ST, ALEXANDRIA 22305",ALEXANDRIA,ALEXANDRIA,248468,1.06563,38.835234,-77.061926
28624050_ALEXANDRIA_VA_DD48242D-7CFB-4A56-A7AC-7C2E57413D34,28624050,"845 NORTH HOWARD ST, ALEXANDRIA 22304",ALEXANDRIA,ALEXANDRIA,30732360,32.06255,38.818024,-77.10135199999998
17425500_ALEXANDRIA_VA_97C6EB1C-72D4-4D03-A646-E2DFA135192F,17425500,"814 MARSHALL LN, ALEXANDRIA 22302",ALEXANDRIA,ALEXANDRIA,679446,0.52617,38.82013,-77.085358
27792675_ALEXANDRIA_VA_5A3CA2EA-3DBA-4DFB-91AD-2C0EEB0F7555,27792675,"4003 SHARP PL, ALEXANDRIA 22304",ALEXANDRIA,ALEXANDRIA,585648,0.27614,38.817638,-77.099726
15457600_ALEXANDRIA_VA_99E0B160-B884-44E4-A621-8B23DDBD5416,15457600,"3301 LANDOVER ST, ALEXANDRIA 22305",ALEXANDRIA,ALEXANDRIA,192099,0.81544,38.83484,-77.061979
50448410_ALEXANDRIA_VA_0AF73F29-43FC-4BA4-83F4-6C362558B85B,50448410,"4401 WEST BRADDOCK RD, ALEXANDRIA 22304",ALEXANDRIA,ALEXANDRIA,2656750,2.44929,38.8305,-77.104746
15997500_ALEXANDRIA_VA_2C2CF1A4-0AFB-44C6-A903-D5F7122FE7F4,15997500,"400A FONTAINE ST, ALEXANDRIA 22302",ALEXANDRIA,ALEXANDRIA,1000000,0.65088,38.824708,-77.069462
15959500_ALEXANDRIA_VA_37C6592C-C42B-4E00-AF0E-25156D166B6D,15959500,"400 FONTAINE ST, ALEXANDRIA 22302",ALEXANDRIA,ALEXANDRIA,13316664,14.02142,38.824776,-77.06739900000002
15959020_ALEXANDRIA_VA_7D54959F-5408-425B-AA8D-948CD3820070,15959020,"400B FONTAINE ST, ALEXANDRIA 22302",ALEXANDRIA,ALEXANDRIA,535896,0.56292,38.825677,-77.068306
45488000_ALEXANDRIA_VA_1CDADBC2-F870-419A-9CB1-21B4B9A6C042,45488000,"4101 SEMINARY RD, ALEXANDRIA 22304",ALEXANDRIA,ALEXANDRIA,633531,0.76771,38.822996999999994,-77.09952600000001
43576000_ALEXANDRIA_VA_787DFE3B-26EC-4432-8BCB-2AFBFD681A01,43576000,"5101 FILLMORE AVE, ALEXANDRIA 22311",ALEXANDRIA,ALEXANDRIA,6272430,3.37309,38.836695,-77.11525
43568000_ALEXANDRIA_VA_BA6F733E-400F-463C-882E-65F17415E086,43568000,"5000 FAIRBANKS AVE, ALEXANDRIA 22311",ALEXANDRIA,ALEXANDRIA,9000000,3.44337,38.836965,-77.116027
12042106_ARLINGTON_VA_692EB391-68A8-4EE6-B65C-A80F9C550056,12042106,"NORTH MONROE ST, ARLINGTON 22203",ARLINGTON,ARLINGTON,255600,0.83786,38.870408000000005,-77.142478
12042105_ARLINGTON_VA_703AFB82-324F-448E-BE3A-54B84F5B5268,12042105,"NORTH MONROE ST, ARLINGTON 22203",ARLINGTON,ARLINGTON,129500,0.42412,38.870008,-77.142281
83-A-30_CAROLINE_VA_F1C15554-8DD1-42CB-9B5D-094B1B32FA18,83-A-30,"25035 RUTHER GLEN RD, RUTHER GLEN 22546",RUTHER GLEN,CAROLINE,36000,1.41178,37.92267,-77.45169
54-92_CHARLES-CITY_VA_6FAF3B56-3573-4C49-A51A-C1366F2F1D39,54-92,CHARLES CITY 23030,CHARLES CITY,CHARLES-CITY,100,11.6027,37.3246,-77.038082
16 A 62_CLARKE_VA_A74F1DE8-C081-44C3-97F7-CF42F1386700,16 A 62,"3568 WICKLIFFE RD, BERRYVILLE 22611",BERRYVILLE,CLARKE,107500,2.0521,39.165995,-77.891836
17A1 8 75_CLARKE_VA_F04D9AF6-BCD9-4431-8F37-02AC2DDA4EBE,17A1 8 75,SHENANDOAH RETREAT 20135,SHENANDOAH RETREAT,CLARKE,1000,0.12564,39.12872,-77.868409
9819_ESSEX_VA_50A8BF45-52B5-4C39-8CC1-52B74F2C72EF,9819,"COLNBROOK RD, CENTER CROSS 22437",CENTER CROSS,ESSEX,20426,6.19297,37.770686000000005,-76.75107700000001
10223_ESSEX_VA_2ADA8C78-8770-4670-BBB0-7F48EAB2BD40,10223,"SYCAMORE DR, TAPPAHANNOCK 22560",TAPPAHANNOCK,ESSEX,318400,40.93511,37.907345,-76.87269300000001
7860_ESSEX_VA_46736A3B-596C-45C1-A9C7-167EB729477E,7860,"SOUTH WATER LN, TAPPAHANNOCK 22560",TAPPAHANNOCK,ESSEX,100,0.04429,37.926376999999995,-76.856501
0514 01  0003A_FAIRFAX_VA_8AA32373-6D65-40CF-AF9D-ACC18E1BB631,0514 01  0003A,"550 NORTH MADISON ST, ARLINGTON 22203",ARLINGTON,FAIRFAX,1900000,0.8307,38.869669,-77.142637
0514 01  0003B_FAIRFAX_VA_5E601C76-D1DF-4E0A-9D04-1C0B5D95AE0D,0514 01  0003B,"600 NORTH MADISON ST, ARLINGTON 22203",ARLINGTON,FAIRFAX,3800000,1.96441,38.869898,-77.143194
0054 08      G_FAIRFAX_VA_2A63344F-D4B7-4EE2-9C57-C5778E1B3F6F,0054 08      G,STERLING 20164,STERLING,FAIRFAX,55000,2.47778,39.000601,-77.384157
0474 01  0023D_FAIRFAX_VA_830E80B2-D35E-4C98-826A-E2ACE1B825AD,0474 01  0023D,"3401 CHAIN BRIDGE RD, FAIRFAX 22030",FAIRFAX,FAIRFAX,544000,1.95984,38.863606999999995,-77.306159
0971 01  0023A_FAIRFAX_VA_82442BB8-981D-4C9C-B9CA-E2EB99968B2F,0971 01  0023A,FAIRFAX STATION 22039,FAIRFAX STATION,FAIRFAX,495000,4.2735900000000004,38.736503,-77.283008
0971 01  0022_FAIRFAX_VA_95F54F54-E1F6-4D43-AAC2-429BEFE72061,0971 01  0022,"8116 OX RD, FAIRFAX STATION 22039",FAIRFAX STATION,FAIRFAX,514000,4.25734,38.736056,-77.28195199999999
7902-73-0907-000_FAUQUIER_VA_A588EEC6-02EA-439D-A5A1-F9B06C76C04F,7902-73-0907-000,"5108 WESTON RD, CASANOVA 20187",CASANOVA,FAUQUIER,135000,0.05099,38.658922,-77.715228
7902-74-0022-000_FAUQUIER_VA_CEFE2AEA-14EA-405D-B52B-50E3143D8A2C,7902-74-0022-000,UNASSIGNED 20187,UNASSIGNED,FAUQUIER,1500,0.0655,38.659029,-77.715151
7779-72-5888_FREDERICKSBURG_VA_A5229366-6F88-416F-AE63-4A84C6C9F50E,7779-72-5888,"820 COLLEGE AVE, FREDERICKSBURG 22401",FREDERICKSBURG,FREDERICKSBURG,150000,0.17156,38.297095,-77.473198
53    A    63A_FREDERICK_VA_D1D2AFA2-CEEF-4ABB-952D-C1CAEC8445D2,53    A    63A,"197 ELDERBERRY CT, WINCHESTER 22603",WINCHESTER,FREDERICK,5333800,46.05709,39.20316,-78.173974
53B   5     1_FREDERICK_VA_925EF6E4-D62C-48B1-87A0-C32EE371382D,53B   5     1,"100 WESTBURY PL, WINCHESTER 22603",WINCHESTER,FREDERICK,112000,0.16559,39.206473,-78.17570400000001
53B   5    10_FREDERICK_VA_E16496EB-0F45-4812-B918-0C89680ED464,53B   5    10,"118 WESTBURY PL, WINCHESTER 22603",WINCHESTER,FREDERICK,112000,0.153,39.206992,-78.175593
53B   5     8_FREDERICK_VA_A66462A8-0190-4A2B-B614-9ACFF663857B,53B   5     8,"114 WESTBURY PL, WINCHESTER 22603",WINCHESTER,FREDERICK,112000,0.15261,39.207071,-78.1751
53B   5     2_FREDERICK_VA_D0E7F6D3-B819-4742-A733-580E98E078C2,53B   5     2,"102 WESTBURY PL, WINCHESTER 22603",WINCHESTER,FREDERICK,112000,0.15516,39.206435,-78.17545299999999
42-1-0-45-A_GOOCHLAND_VA_8540EBB9-3279-4CB6-8FA4-C31A36A6386A,42-1-0-45-A,"2955 RIVER RD WEST, GOOCHLAND 23063",GOOCHLAND,GOOCHLAND,58700,0.68014,37.683386000000006,-77.885839
63-1-0-172-B_GOOCHLAND_VA_1B508AED-2034-40DD-9DB1-2F850B5A3A2C,63-1-0-172-B,"12765 PATTERSON AVE, HENRICO 23238",HENRICO,GOOCHLAND,2557200,24.6203,37.596464000000005,-77.670573
63-1-0-170-0_GOOCHLAND_VA_B5AE45E8-97F5-4C10-9461-101AA622554F,63-1-0-170-0,"RIVER RD, HENRICO 23238",HENRICO,GOOCHLAND,133700,5.69408,37.593824000000005,-77.670209
12001092_HAMPTON_VA_22C140AE-3879-4ED8-82A1-150CB248D76A,12001092,"102 EAST COLLEGE PL, HAMPTON 23669",HAMPTON,HAMPTON,0,0.23069,37.023709,-76.334854000000007
2000217_HAMPTON_VA_A0A97B66-8940-42E0-9180-D24284C8B893,2000217,"1242 WEST QUEEN ST, HAMPTON 23669",HAMPTON,HAMPTON,305100,3.04903,37.026757,-76.368634
2000228_HAMPTON_VA_293953B4-7967-44E2-9021-541513310AA7,2000228,"W QUEEN ST, HAMPTON 23669",HAMPTON,HAMPTON,17200,0.15416,37.026478,-76.367901
7883-38-0871_HANOVER_VA_5B50F9BB-2AB4-417D-AE02-A79807541FEF,7883-38-0871,"10523 DOSWELL RD, DOSWELL 23047",DOSWELL,HANOVER,2100,0.3739,37.861289,-77.460306
8706-57-4314_HANOVER_VA_8265ACBF-8F02-414A-9278-2F0EC2035DF3,8706-57-4314,"9589 CHAMBERLAYNE RD, MECHANICSVILLE 23116",MECHANICSVILLE,HANOVER,189300,13.61509,37.664378,-77.385755
7835-32-3982_HANOVER_VA_01728026-5ACF-4654-B70F-EF9EF92583DB,7835-32-3982,"18185 TEMAN RD, BEAVERDAM 23015",BEAVERDAM,HANOVER,71100,2.09633,37.901407,-77.631941
025 N 3_HARRISONBURG_VA_F424CC05-EBDA-471A-B6EB-EC57372E2AA9,025 N 3,"622 SOUTH MAIN ST, HARRISONBURG 22801",HARRISONBURG,HARRISONBURG,NA,0.8195,38.442651,-78.871838
787-750-0003_HENRICO_VA_7B5A8FA2-2151-49BE-9618-C93047D4451C,787-750-0003,"EDGEWOOD AVE, HENRICO 23227",HENRICO,HENRICO,600,0.13321,37.617355,-77.450106
783-742-4699_HENRICO_VA_275A1921-CB64-4CF3-A55F-52D8055FA92D,783-742-4699,"1600 WESTBROOK AVE, RICHMOND 23227",RICHMOND,HENRICO,5195700,38.64507,37.598352,-77.460907
829-724-8371_HENRICO_VA_6BE66D65-A89B-4825-9AF5-898D6CE519DC,829-724-8371,"659 NORTH AIRPORT DR, HENRICO 23075",HENRICO,HENRICO,3400,0.48358,37.546424,-77.303305
821-725-7149_HENRICO_VA_EBEC6650-D810-4BFD-A782-CAD2D4117B7D,821-725-7149,"1 NORTH BEECH AVE, HENRICO 23075",HENRICO,HENRICO,32500,0.14501,37.54884,-77.331325
821-725-7641_HENRICO_VA_9F6D23EF-9EF5-4024-8D34-19A558D8A670,821-725-7641,"2 SOUTH CEDAR AVE, HENRICO 23075",HENRICO,HENRICO,30900,0.18922,37.548603,-77.331128
821-725-8152_HENRICO_VA_E638E0BB-9FE5-4E8E-B2D0-C8D9E883656E,821-725-8152,"501 WEST NINE MILE RD, HENRICO 23075",HENRICO,HENRICO,97900,0.5579,37.548884,-77.330972
830-724-4358_HENRICO_VA_E4B25113-A030-40A9-922E-7F87BA31926C,830-724-4358,"665 NORTH AIRPORT DR, HENRICO 23075",HENRICO,HENRICO,107500,10.07355,37.545927000000006,-77.301189
784-743-7079_HENRICO_VA_091AF059-CD67-469E-8A3D-49E3B87C5AC3,784-743-7079,"DUMBARTON RD, HENRICO 23227",HENRICO,HENRICO,1617600,10.6187,37.600136,-77.458137
1240100010_JAMES-CITY_VA_F8498D60-5829-485F-A79C-510CDAD58819,1240100010,"8300 RICHMOND RD, TOANO 23168",TOANO,JAMES-CITY,105000,1.28644,37.392603,-76.803774
1240100010A_JAMES-CITY_VA_3057940E-1DF9-4C7E-AE91-26B133B988B6,1240100010A,"8320 RICHMOND RD, TOANO 23168",TOANO,JAMES-CITY,104200,1.28097,37.393292,-76.8041
1240100010B_JAMES-CITY_VA_F26BD328-8BE2-40C0-B3A4-E5AD7AD97A07,1240100010B,"8340 RICHMOND RD, TOANO 23168",TOANO,JAMES-CITY,206500,9.87708,37.393046,-76.802836
1240100010C_JAMES-CITY_VA_0C110178-2200-45DA-BA21-2314AEA8A154,1240100010C,"8300A RICHMOND RD, TOANO 23168",TOANO,JAMES-CITY,2100,0.04321,37.392262,-76.80412600000001
4810100009_JAMES-CITY_VA_B9842E05-82B2-4EE6-BC7A-BF5D8418A026,4810100009,"1333 JAMESTOWN RD, WILLIAMSBURG 23185",WILLIAMSBURG,JAMES-CITY,1036100,4.07205,37.250813,-76.735999
22 28_KING-GEORGE_VA_D8FFB7F5-09BB-4C3E-A5FB-D39CFCBB8D32,22 28,"11033 LAMBS CREEK CHURCH RD, KING GEORGE 22485",KING GEORGE,KING-GEORGE,NA,1.13578,38.264126,-77.26904800000001
22-62_KING-WILLIAM_VA_A72CC442-AB0D-4FA6-A107-AAE7CE956B77,22-62,"11235 WEST RIVER RD, AYLETT 23009",AYLETT,KING-WILLIAM,87120,0.85512,37.785796,-77.10422100000001
27 230A_LANCASTER_VA_6C3400CB-FFB5-40D9-BFE9-7E3E8AE85023,27 230A,WEEMS 22576,WEEMS,LANCASTER,18000,1.46751,37.681588,-76.42261
27 230B_LANCASTER_VA_7C2D4B94-D670-4234-B25B-AA64A5E55950,27 230B,WEEMS 22576,WEEMS,LANCASTER,6500,0.61391,37.681238,-76.42241
27 228_LANCASTER_VA_B2988A7E-33E6-4527-969B-177131131211,27 228,WEEMS 22576,WEEMS,LANCASTER,22000,3.81873,37.680806,-76.421743
27 206A_LANCASTER_VA_E7A0AA5D-88CB-4A73-994B-A44EF7F3E20A,27 206A,WEEMS 22576,WEEMS,LANCASTER,4500,0.96656,37.681289,-76.423405
27 286_LANCASTER_VA_2E3B4250-FD2D-48DA-AFFC-280C5A4C401F,27 286,WEEMS 22576,WEEMS,LANCASTER,4500,0.67477,37.682478,-76.424176
27 267A_LANCASTER_VA_B454678E-C5D7-4255-9B7C-A1DE91D0D103,27 267A,WEEMS 22576,WEEMS,LANCASTER,3000,3.68091,37.683285,-76.425063
27 207_LANCASTER_VA_D5E3A4FB-AC68-4EAF-B940-3FF954983AC3,27 207,"CHRIST CHURCH RD, WEEMS 22576",WEEMS,LANCASTER,0,1.9294,37.680069,-76.423122
27 203C_LANCASTER_VA_E873EF55-0B2B-4977-B391-36F47329CAD3,27 203C,WEEMS 22576,WEEMS,LANCASTER,23600,4.13612,37.677906,-76.424272
27 203_LANCASTER_VA_14CE776F-2D42-4C33-BB51-DD2A7D939A99,27 203,WEEMS 22576,WEEMS,LANCASTER,16600,2.21841,37.678162,-76.423179
27 208_LANCASTER_VA_5C1C0335-9A40-47C2-9AB0-2E17497F72A4,27 208,"ROAD, WEEMS 22576",WEEMS,LANCASTER,14000,0.88496,37.679695,-76.42269900000002
27 269_LANCASTER_VA_7195DCC6-72DC-42E9-A9B9-D01AE2A87CAB,27 269,WEEMS 22576,WEEMS,LANCASTER,27000,1.74958,37.681082,-76.427186
27 188C_LANCASTER_VA_E78F92BE-11D1-45FD-8ED6-526B8BCFCE72,27 188C,WEEMS 22576,WEEMS,LANCASTER,11000,0.99329,37.680212,-76.42632
27 230_LANCASTER_VA_B6064E79-897F-4392-8D83-03512DBB4ABD,27 230,"271 CHRIST CHURCH RD, WEEMS 22576",WEEMS,LANCASTER,22500,5.20183,37.681949,-76.421725
27 205_LANCASTER_VA_35C03F58-1C05-4371-8C2E-F17ED60B19E0,27 205,WEEMS 22576,WEEMS,LANCASTER,40500,6.24691,37.680808,-76.424948
27 268_LANCASTER_VA_6549329F-E1FE-4803-B926-2F82EEC0F59A,27 268,WEEMS 22576,WEEMS,LANCASTER,31500,6.63191,37.682062,-76.425305
27 265_LANCASTER_VA_20FAF6BE-27AA-40BC-B581-BFEDEE25ED7F,27 265,WEEMS 22576,WEEMS,LANCASTER,6500,0.58138,37.68399,-76.423799
27 266_LANCASTER_VA_E16A3BE8-248D-4AEE-BD67-E88AC8849F6E,27 266,WEEMS 22576,WEEMS,LANCASTER,6500,1.37949,37.68358,-76.423955
27 206_LANCASTER_VA_47012B40-D5F4-4DF7-B6D0-4210A22AA24C,27 206,"360 CHRIST CHURCH RD, WEEMS 22576",WEEMS,LANCASTER,27500,0.94409,37.680634,-76.42322399999999
28 204_LANCASTER_VA_2F969D00-255E-4F52-893F-9862E326BCCE,28 204,"715 LAUREL RD, IRVINGTON 22480",IRVINGTON,LANCASTER,0,167.33263000000002,37.673814,-76.40138300000001
147277012000_LOUDOUN_VA_7F349307-567C-4186-816D-08B11055D424,147277012000,LEESBURG 20176,LEESBURG,LOUDOUN,1164000,11.64385,39.105667,-77.524161
148475479000_LOUDOUN_VA_B93D709B-1C42-47BA-B22C-E0617BC8BA36,148475479000,LEESBURG 20176,LEESBURG,LOUDOUN,0,2.03801,39.10445,-77.52515799999999
356402475000_LOUDOUN_VA_6C51D30A-654F-426F-A089-8354EB925F5E,356402475000,"39918 OATLANDS MILL RD, LEESBURG 20175",LEESBURG,LOUDOUN,302100,1.73999,39.030204,-77.622274
28         4_MADISON_VA_FB38658D-E505-4E05-B2D3-445C63D4582F,28         4,"104 BLUFF MTN RD, MADISON 22727",MADISON,MADISON,100000,0.78795,38.423213,-78.370206
39-36-9A_MATHEWS_VA_8D52CEFB-3426-43C2-8784-68774F3627BB,39-36-9A,PORT HAYWOOD 23138,PORT HAYWOOD,MATHEWS,24500,2.41104,37.362748,-76.32735299999999
39        64_MIDDLESEX_VA_844E2049-5C33-40A4-AFE4-9039C0E18B69,39        64,"13947 GENERAL PULLER HWY, HARTFIELD 23071",HARTFIELD,MIDDLESEX,80800,10.29748,37.555537,-76.398292
265000411_NEWPORT-NEWS_VA_D29F8633-DA75-4A54-B66A-6FCAC5DC0B00,265000411,"45 MAIN ST, NEWPORT NEWS 23601",NEWPORT NEWS,NEWPORT-NEWS,259200,0.85006,37.029545,-76.4638
306040220_NEWPORT-NEWS_VA_9E02F8E1-65BB-4FD2-8751-57AD2E37ACB1,306040220,"750 26 ST, NEWPORT NEWS 23607",NEWPORT NEWS,NEWPORT-NEWS,11800,0.07801,36.983726,-76.416736
306040221_NEWPORT-NEWS_VA_5218DCDC-1CA2-45E4-A9CD-824A7F9AD184,306040221,"752 26 ST, NEWPORT NEWS 23607",NEWPORT NEWS,NEWPORT-NEWS,15500,0.09299,36.983771,-76.416622
070000228_NEWPORT-NEWS_VA_C903474C-7228-4AA5-AD5D-CC28D9712F5C,070000228,"15446 WARWICK BLVD, NEWPORT NEWS 23608",NEWPORT NEWS,NEWPORT-NEWS,1632300,5.67275,37.151815,-76.552321
306040225_NEWPORT-NEWS_VA_AAE7E3CB-C4B4-4CA6-83FE-02104EE70A98,306040225,"2515 MARSHALL AVE, NEWPORT NEWS 23607",NEWPORT NEWS,NEWPORT-NEWS,39200,0.19518,36.983928,-76.416229
220000321_NEWPORT-NEWS_VA_1C150C7C-F3EA-41C4-9C86-14E95E33CC2E,220000321,"372 HIDEN BLVD, NEWPORT NEWS 23606",NEWPORT NEWS,NEWPORT-NEWS,362000,3.83712,37.069106999999995,-76.496831
16A   1   90_NORTHUMBERLAND_VA_3C6EBD31-314D-4B5D-A023-D978A3D65BF5,16A   1   90,HEATHSVILLE 22473,HEATHSVILLE,NORTHUMBERLAND,500,0.03502,37.919485,-76.47239900000001
8292-88-1115_PRINCE-WILLIAM_VA_8B62D075-CA88-400C-A33A-7FBC02FBE15B,8292-88-1115,"2610 OMISOL RD, WOODBRIDGE 22192",WOODBRIDGE,PRINCE-WILLIAM,NA,2.87464,38.666684,-77.290884
8189-61-3892_PRINCE-WILLIAM_VA_5559712E-11B3-4EF6-8D69-821431E91F03,8189-61-3892,"17811 BATESTOWN RD, DUMFRIES 22026",DUMFRIES,PRINCE-WILLIAM,NA,0.74818,38.567535,-77.333732
8093-45-1851_PRINCE-WILLIAM_VA_CCB957FB-6E54-4AB8-A836-8D3CCA72BFA0,8093-45-1851,"5600 CROSS LN, WOODBRIDGE 22192",WOODBRIDGE,PRINCE-WILLIAM,NA,39.72886,38.687966,-77.374681
8392-51-6593_PRINCE-WILLIAM_VA_515F0917-7F45-4917-A5A1-3814BBA4A407,8392-51-6593,"13900 CHURCH HILL DR, WOODBRIDGE 22191",WOODBRIDGE,PRINCE-WILLIAM,NA,10.00225,38.649088,-77.264981
E0000940018_RICHMOND-CITY_VA_0CBA01A0-F4DC-4FA4-8451-AC5842AE4B7A,E0000940018,"1707 NORTH 22 ST, RICHMOND 23223",RICHMOND,RICHMOND-CITY,82000,0.07951,37.545614,-77.40936
E0000938007_RICHMOND-CITY_VA_64CD9FB8-C2EE-4F25-A73A-7B702708B050,E0000938007,"1704 NORTH 22 ST, RICHMOND 23223",RICHMOND,RICHMOND-CITY,169000,0.41325,37.545984,-77.409811
E0120319008_RICHMOND-CITY_VA_4C732151-C8C5-4138-9E2A-78B7FE5A731F,E0120319008,"2712 SELDEN ST, RICHMOND 23223",RICHMOND,RICHMOND-CITY,54000,0.06995,37.54718,-77.400024
E0000938003_RICHMOND-CITY_VA_803E01D9-7212-432C-B0F6-D2DD6259AB23,E0000938003,"1716 NORTH 22 ST, RICHMOND 23223",RICHMOND,RICHMOND-CITY,36000,0.16564,37.546213,-77.40959199999999
E0000940020_RICHMOND-CITY_VA_4872AF57-B3E0-4302-B140-546F647CAE01,E0000940020,"1715 NORTH 22 ST, RICHMOND 23223",RICHMOND,RICHMOND-CITY,92000,0.13278,37.545762,-77.409216
E0120319009_RICHMOND-CITY_VA_8DD0129E-2B67-42E9-8A0C-11BA3338508F,E0120319009,"2714 SELDEN ST, RICHMOND 23223",RICHMOND,RICHMOND-CITY,54000,0.06936,37.547138,-77.399955
E0120401019_RICHMOND-CITY_VA_6907FE92-5039-4677-BFF1-82BFFCF8E884,E0120401019,"2000 NORTH 29 ST, RICHMOND 23223",RICHMOND,RICHMOND-CITY,151000,1.15675,37.544709,-77.40097100000001
E0120319013_RICHMOND-CITY_VA_DF1AABF5-389E-4AB3-8182-0C61724FC88A,E0120319013,"2708 NEWBOURNE ST, RICHMOND 23223",RICHMOND,RICHMOND-CITY,86000,0.18142,37.546808,-77.40037600000002
E0120319011_RICHMOND-CITY_VA_486E289C-D78A-4AC7-8F13-1D3869685158,E0120319011,"2106 NORTH 28 ST, RICHMOND 23223",RICHMOND,RICHMOND-CITY,76000,0.11929,37.547003999999994,-77.40018699999999
E0120374001_RICHMOND-CITY_VA_66048128-F736-4412-9053-9E796CF1F3C5,E0120374001,"2100 NORTH 29 ST, RICHMOND 23223",RICHMOND,RICHMOND-CITY,55000,1.28867,37.545667,-77.400089
E0000940016_RICHMOND-CITY_VA_640140D8-E146-4D18-8794-61827791833D,E0000940016,"1703 NORTH 22 ST, 1/2, RICHMOND 23223",RICHMOND,RICHMOND-CITY,71000,0.05211,37.545509,-77.409462
E0000940019_RICHMOND-CITY_VA_6E374673-7D46-42B8-AAEA-18589B6D0B85,E0000940019,"1709 NORTH 22 ST, RICHMOND 23223",RICHMOND,RICHMOND-CITY,82000,0.0834,37.545677,-77.409299
E0000938001_RICHMOND-CITY_VA_12E18AEC-7103-4884-AC2C-CE65782C37ED,E0000938001,"1720 NORTH 22 ST, RICHMOND 23223",RICHMOND,RICHMOND-CITY,82000,0.08274,37.546377,-77.409435
E0120319010_RICHMOND-CITY_VA_AC28A697-52FA-4689-97A5-4875B4DDFA60,E0120319010,"2110 NORTH 28 ST, RICHMOND 23223",RICHMOND,RICHMOND-CITY,86000,0.12306,37.547090999999995,-77.399846
E0120319012_RICHMOND-CITY_VA_B045748E-ACB9-49E8-9A9F-292DB7E4E0C4,E0120319012,"2104 NORTH 28 ST, RICHMOND 23223",RICHMOND,RICHMOND-CITY,76000,0.12714,37.546917,-77.400271
E0120319007_RICHMOND-CITY_VA_84C7A3BB-8CE3-466A-AF4B-53C7434686C3,E0120319007,"2710 SELDEN ST, 1/2, RICHMOND 23223",RICHMOND,RICHMOND-CITY,54000,0.07289,37.547224,-77.40009400000001
E0120347012_RICHMOND-CITY_VA_5D0E9D8C-EA6A-4B2B-A8DE-F04EE909DB10,E0120347012,"2124 NORTH 29 ST, RICHMOND 23223",RICHMOND,RICHMOND-CITY,97000,1.49595,37.546567,-77.399491
N0170156003_RICHMOND-CITY_VA_28844442-BFE8-486E-94D0-868658EA3C08,N0170156003,"1500 WESTBROOK CT, RICHMOND 23227",RICHMOND,RICHMOND-CITY,1339000,4.50764,37.596869000000005,-77.45911000000001
N0170156004_RICHMOND-CITY_VA_55E0FB4C-1196-46DF-8ACF-E3ECF7129BA6,N0170156004,"1600 WESTBROOK AVE, RICHMOND 23227",RICHMOND,RICHMOND-CITY,995000,4.30875,37.59668,-77.462231
W0000126017_RICHMOND-CITY_VA_1155F898-7859-4570-9FDE-A0F1AE4C9168,W0000126017,"116 WEST FRANKLIN ST, RICHMOND 23220",RICHMOND,RICHMOND-CITY,790000,0.44857,37.545124,-77.444868
W0210234004_RICHMOND-CITY_VA_60CC2962-EB94-44EF-A2DC-E5DFA740360E,W0210234004,"5916 FERGUSSON RD, RICHMOND 23226",RICHMOND,RICHMOND-CITY,259000,0.49667,37.57732,-77.519389
W0210255002_RICHMOND-CITY_VA_AE1DDC0A-E0F7-4D1B-BB0B-82003E838004,W0210255002,"610 SAINT CHRISTOPHERS RD, RICHMOND 23226",RICHMOND,RICHMOND-CITY,292000,0.41899,37.578992,-77.523557
W0210235010_RICHMOND-CITY_VA_A3928485-41B1-4F74-9FE2-AD0DF1FCBF13,W0210235010,"618 MAPLE AVE, RICHMOND 23226",RICHMOND,RICHMOND-CITY,200000,0.23202,37.578975,-77.518179
W0210303026_RICHMOND-CITY_VA_DBF64901-7791-4524-8CEB-150AC50F6BF2,W0210303026,"115 PEPPER AVE, B, RICHMOND 23226",RICHMOND,RICHMOND-CITY,947000,1.71017,37.578243,-77.524876
W0210235001_RICHMOND-CITY_VA_459B0877-F4BB-4125-8B21-00E42BDCA249,W0210235001,"600 MAPLE AVE, RICHMOND 23226",RICHMOND,RICHMOND-CITY,210000,0.23009,37.577564,-77.51914199999999
W0210163004_RICHMOND-CITY_VA_4948E49B-911C-4AAB-8B53-747DBE105525,W0210163004,"710 MAPLE AVE, RICHMOND 23226",RICHMOND,RICHMOND-CITY,198000,0.33478,37.579889,-77.517519
W0210255023_RICHMOND-CITY_VA_E669213B-90E4-49CD-B454-54435A3C9DDE,W0210255023,"701 PEPPER AVE, RICHMOND 23226",RICHMOND,RICHMOND-CITY,180000,0.24222,37.579974,-77.524085
W0210208007_RICHMOND-CITY_VA_4ECA9BDB-E073-4328-BE26-E5ADB6B9F386,W0210208007,"801 HENRI RD, RICHMOND 23226",RICHMOND,RICHMOND-CITY,210000,0.22086,37.580651,-77.519892
W0210163018_RICHMOND-CITY_VA_97CECD7B-3401-4CDE-AF06-BE0927D68CF8,W0210163018,"622 MAPLE AVE, RICHMOND 23226",RICHMOND,RICHMOND-CITY,492000,0.14402,37.579254,-77.517976
W0210303027_RICHMOND-CITY_VA_B698CAB5-B987-404D-8894-750F3F25C073,W0210303027,"606 ST CHRISTOPHERS RD, RICHMOND 23226",RICHMOND,RICHMOND-CITY,699000,0.26335,37.578751,-77.523991
W0210303021_RICHMOND-CITY_VA_267F740B-141A-4BF3-9A11-B4FE0FEF2176,W0210303021,"604 ST CHRISTOPHERS RD, RICHMOND 23226",RICHMOND,RICHMOND-CITY,305000,0.36131,37.578437,-77.52385299999999
W0210381004_RICHMOND-CITY_VA_79A68FC7-D639-4A96-894E-B3C5C99B1070,W0210381004,"5902 THREE CHOPT RD, RICHMOND 23226",RICHMOND,RICHMOND-CITY,460000,0.67932,37.571739,-77.523178
W0210234006_RICHMOND-CITY_VA_BBF2EBAE-46B2-4F5C-A52A-164604188900,W0210234006,"5920 FERGUSSON RD, RICHMOND 23226",RICHMOND,RICHMOND-CITY,210000,0.26559,37.577603,-77.51978
W0210282008_RICHMOND-CITY_VA_836D3DED-CEF9-4D19-874C-8DF1D6B678AD,W0210282008,"610 SOMERSET AVE, RICHMOND 23226",RICHMOND,RICHMOND-CITY,509000,0.15268,37.57789,-77.520941
W0210303003_RICHMOND-CITY_VA_509F98D1-712F-43B8-B770-832459867222,W0210303003,"109 PEPPER AVE, RICHMOND 23226",RICHMOND,RICHMOND-CITY,175000,0.23815,37.5788,-77.52506500000001
W0210255016_RICHMOND-CITY_VA_295900D6-67AC-484C-AB90-B13AF6DE2FB6,W0210255016,"719 PEPPER AVE, RICHMOND 23226",RICHMOND,RICHMOND-CITY,135000,0.25809,37.581126,-77.522964
W0210303001_RICHMOND-CITY_VA_36D5CEEF-4999-44C6-8D86-31F77DDD188D,W0210303001,"113 PEPPER AVE, RICHMOND 23226",RICHMOND,RICHMOND-CITY,823000,0.32139,37.579111999999995,-77.524797
W0210303025_RICHMOND-CITY_VA_1D7CBA0F-35D0-4410-B218-F168A23DECB9,W0210303025,"115 A PEPPER AVE, A, RICHMOND 23226",RICHMOND,RICHMOND-CITY,441000,0.51784,37.578764,-77.52435899999999
W0210234005_RICHMOND-CITY_VA_925E0465-5642-4DF4-B639-30D35FEF1B2F,W0210234005,"5918 FERGUSSON RD, RICHMOND 23226",RICHMOND,RICHMOND-CITY,210000,0.27255,37.577476,-77.519641
W0210381007_RICHMOND-CITY_VA_2172F731-E4D8-4D38-ADBD-4E34C98EA0C9,W0210381007,"6001 GROVE AVE, RICHMOND 23226",RICHMOND,RICHMOND-CITY,11664000,13.45054,37.57152,-77.521422
W0210406003_RICHMOND-CITY_VA_CB460E8A-BDFB-4071-85B7-1865F5C4A3C5,W0210406003,"5604 CARY STREET RD, RICHMOND 23226",RICHMOND,RICHMOND-CITY,139000,0.29431,37.569356,-77.52160900000001
W0210406006_RICHMOND-CITY_VA_4186FFB4-6DD7-46F8-A79B-A9D400ADC354,W0210406006,"6 MAPLE AVE, RICHMOND 23226",RICHMOND,RICHMOND-CITY,2998000,1.25284,37.569725,-77.521123
W0210255005_RICHMOND-CITY_VA_57082BF5-B051-4ED1-B918-8D06E289F1B4,W0210255005,"706 SAINT CHRISTOPHERS RD, RICHMOND 23226",RICHMOND,RICHMOND-CITY,4377000,4.30259,37.579889,-77.52330900000001
W0210255006_RICHMOND-CITY_VA_027717E3-7F8D-4DF7-907A-7534528D0F24,W0210255006,"710 ST CHRISTOPHERS RD, RICHMOND 23226",RICHMOND,RICHMOND-CITY,336000,0.61427,37.580379,-77.522515
W0210255021_RICHMOND-CITY_VA_D26B7451-EA35-4C71-90EE-6744E81BDE6D,W0210255021,"709 PEPPER AVE, RICHMOND 23226",RICHMOND,RICHMOND-CITY,170000,0.41978,37.580556,-77.523428
W0210255027_RICHMOND-CITY_VA_7CA6B991-0E63-4077-BB2D-98E9EA7DD6E2,W0210255027,"615 PEPPER AVE, RICHMOND 23226",RICHMOND,RICHMOND-CITY,1482000,0.73552,37.579416,-77.524157
W0210406001_RICHMOND-CITY_VA_C35DA4A8-E22F-46BA-A520-5922F13CF6D1,W0210406001,"5600 CARY STREET RD, RICHMOND 23226",RICHMOND,RICHMOND-CITY,149000,0.29903,37.569258000000005,-77.52093
W0210208011_RICHMOND-CITY_VA_8465A344-42C4-43FD-A812-7D72F00A5482,W0210208011,"719 ST CHRISTOPHERS RD, RICHMOND 23226",RICHMOND,RICHMOND-CITY,11762000,27.18117,37.579413,-77.520263
W0210255025_RICHMOND-CITY_VA_2AEA072A-8005-4957-87C8-94BC8BD4D41E,W0210255025,"115 PEPPER AVE, RICHMOND 23226",RICHMOND,RICHMOND-CITY,1766000,0.82536,37.579373,-77.524463
W0210255001_RICHMOND-CITY_VA_80444FEC-0D85-4633-BCCB-4932F680F54B,W0210255001,"608 ST CHRISTOPHERS RD, RICHMOND 23226",RICHMOND,RICHMOND-CITY,688000,0.24267,37.578806,-77.523574
W0210255018_RICHMOND-CITY_VA_F584927E-9CC0-4F72-A449-A060ADC6C118,W0210255018,"715 PEPPER AVE, RICHMOND 23226",RICHMOND,RICHMOND-CITY,155000,0.32425,37.580876999999994,-77.523163
W0210282007_RICHMOND-CITY_VA_BA08E535-8E68-4BD3-B4D4-63DED1F9EC99,W0210282007,"621 HENRI RD, RICHMOND 23226",RICHMOND,RICHMOND-CITY,714000,0.2577,37.57804,-77.52122
W0210303030_RICHMOND-CITY_VA_DB00DBC6-6251-4EB4-B9A3-64288CA548B3,W0210303030,"107 PEPPER AVE, RICHMOND 23226",RICHMOND,RICHMOND-CITY,175000,0.23562,37.578631,-77.525211
W0210333015_RICHMOND-CITY_VA_789B874D-9FCA-4F01-82CE-BC26547EC016,W0210333015,"5902 GROVE AVE, RICHMOND 23226",RICHMOND,RICHMOND-CITY,200000,0.24191,37.573347000000005,-77.52012
W0210406004_RICHMOND-CITY_VA_38CDF47C-CBAB-4BAE-B8E4-AF547ACFB460,W0210406004,"5606 CARY STREET RD, RICHMOND 23226",RICHMOND,RICHMOND-CITY,2401000,0.86529,37.569562,-77.522017
W0210406005_RICHMOND-CITY_VA_6F71EE78-C1C8-4F74-A475-99B95ABA9918,W0210406005,"10 MAPLE AVE, RICHMOND 23226",RICHMOND,RICHMOND-CITY,1267000,1.00111,37.570272,-77.52086999999999
W0210381008_RICHMOND-CITY_VA_7D5BB1C7-76C2-4C3D-96C8-07D3408D5F94,W0210381008,"5903 GROVE AVE, RICHMOND 23226",RICHMOND,RICHMOND-CITY,1692000,0.45142,37.572595,-77.52017
W0210235011_RICHMOND-CITY_VA_16886964-3543-42A2-A72D-C77A9B85CDA9,W0210235011,"620 MAPLE AVE, RICHMOND 23226",RICHMOND,RICHMOND-CITY,195000,0.21534,37.579131,-77.518068
W0210303020_RICHMOND-CITY_VA_F26E0F5C-E4FF-43D4-9AC1-0FED57D51A64,W0210303020,"600 ST CHRISTOPHERS RD, RICHMOND 23226",RICHMOND,RICHMOND-CITY,1056000,0.47459,37.578222,-77.524022
W0210303005_RICHMOND-CITY_VA_0FCFE79D-7313-49F0-837C-C056E9E94373,W0210303005,"103 PEPPER AVE, RICHMOND 23226",RICHMOND,RICHMOND-CITY,175000,0.30566,37.578206,-77.525577
W0210255017_RICHMOND-CITY_VA_2FFC7693-79C8-47BA-A475-C3B8EBCF1B77,W0210255017,"717 PEPPER AVE, RICHMOND 23226",RICHMOND,RICHMOND-CITY,155000,0.32541,37.581014,-77.523067
W0210255019_RICHMOND-CITY_VA_FBE2B83D-815A-444A-9065-9AE0DFD2FDD7,W0210255019,"713 PEPPER AVE, RICHMOND 23226",RICHMOND,RICHMOND-CITY,170000,0.43233,37.580726,-77.523288
W0210303004_RICHMOND-CITY_VA_956D794F-27B9-40C5-AAF7-4009FB53D027,W0210303004,"105 PEPPER AVE, RICHMOND 23226",RICHMOND,RICHMOND-CITY,823000,0.31036,37.578433,-77.525382
64A-((1))-19_SHENANDOAH_VA_BFE4DFD9-4344-46F8-B907-499B9B966BAD,64A-((1))-19,"225 SHRINE MONT CIR, ORKNEY SPRINGS 22845",ORKNEY SPRINGS,SHENANDOAH,40000,0.1141,38.795759,-78.818841
64-((A))-57A_SHENANDOAH_VA_288CD80D-2CC6-47EE-AFBC-68506B515D72,64-((A))-57A,"192 ST GEORGE CAMP LN, ORKNEY SPRINGS 22845",ORKNEY SPRINGS,SHENANDOAH,85400,6.20409,38.796912,-78.819666
64-((A))-29A_SHENANDOAH_VA_86D43205-7D05-4486-9546-D713272E4B3C,64-((A))-29A,"1443 ORKNEY GRADE, BASYE 22810",BASYE,SHENANDOAH,2200,1.44199,38.807356,-78.791896
64-((A))-48A_SHENANDOAH_VA_8AB70EC6-7EF9-4234-9B19-5ACD3B0CDB60,64-((A))-48A,"113 ORKNEY GRADE, BASYE 22810",BASYE,SHENANDOAH,54000,4.90717,38.798186,-78.812244
64A-((1))-18_SHENANDOAH_VA_8F86398C-6FAD-4C5B-B863-D28ACBC64C1C,64A-((1))-18,"231 SHRINE MONT CIR, BASYE 22810",BASYE,SHENANDOAH,40000,0.12093,38.795885,-78.818829
76-((A))-18_SHENANDOAH_VA_AECC0BCF-53C0-4226-8DBD-D6062EDBBAF6,76-((A))-18,"ORKNEY SPRINGS RD, ORKNEY SPRINGS 22845",ORKNEY SPRINGS,SHENANDOAH,159500,41.11342,38.783453,-78.830743
64A-((1))-2_SHENANDOAH_VA_4EB980E4-1AAD-4098-9911-4AFC538A2A62,64A-((1))-2,"SHRINE MONT CIR, ORKNEY SPRINGS 22845",ORKNEY SPRINGS,SHENANDOAH,30000,0.21751,38.79616,-78.817795
64A-((1))-13_SHENANDOAH_VA_907AACFB-6C1E-4F81-93A3-412C27C5901E,64A-((1))-13,"281 SHRINE MONT CIR, ORKNEY SPRINGS 22845",ORKNEY SPRINGS,SHENANDOAH,45000,0.19829,38.796117,-78.816973
64A-((1))-4_SHENANDOAH_VA_EFE52BDE-5949-492D-AB51-64FC82C33916,64A-((1))-4,"257 SHRINE MONT CIR, BASYE 22810",BASYE,SHENANDOAH,35000,0.21399,38.796187,-78.81820900000001
64A-((1))-3A_SHENANDOAH_VA_53082CAB-6C30-4700-8FE9-1A1E7F6FC747,64A-((1))-3A,"SHRINE MONT CIR, ORKNEY SPRINGS 22845",ORKNEY SPRINGS,SHENANDOAH,500,0.04864,38.79617,-78.818081
64A-((1))-32_SHENANDOAH_VA_A58183B3-6C82-4C8A-B703-A70836C3A013,64A-((1))-32,22845,NA,SHENANDOAH,25000,2.52327,38.795652,-78.817611
64A-((1))-16C_SHENANDOAH_VA_BAA09000-D6D1-4081-988C-7E1A0C2E6B80,64A-((1))-16C,"SHRINE MONT CIR, ORKNEY SPRINGS 22845",ORKNEY SPRINGS,SHENANDOAH,35000,0.56402,38.796228,-78.818792
64A-((1))-17_SHENANDOAH_VA_C27A3B01-9261-49C5-B8EA-C9C86B4E61EB,64A-((1))-17,"231 SHRINE MONT CIR, ORKNEY SPRINGS 22845",ORKNEY SPRINGS,SHENANDOAH,40000,0.10836,38.795972000000006,-78.818818
64A-((A))-2_SHENANDOAH_VA_077968A4-7BEB-4EEF-9A9B-7C2E818A06AD,64A-((A))-2,ORKNEY SPRINGS 22845,ORKNEY SPRINGS,SHENANDOAH,100,0.08514,38.796130000000005,-78.814323
64A-((1))-20_SHENANDOAH_VA_2BD13D23-2998-4292-A72A-D09E75716FE3,64A-((1))-20,"225 SHRINE MONT CIR, BASYE 22810",BASYE,SHENANDOAH,40000,0.10909,38.795673,-78.818846
64A-((1))-31_SHENANDOAH_VA_E5C25227-19F7-4C64-9294-FB1781C8B873,64A-((1))-31,ORKNEY SPRINGS 22845,ORKNEY SPRINGS,SHENANDOAH,25000,0.20932,38.796105,-78.816771
64A-((1))-14_SHENANDOAH_VA_4FEE3C1A-7C68-46E4-8081-81BBEEB3C0B7,64A-((1))-14,"295 SHRINE MONT CIR, BASYE 22810",BASYE,SHENANDOAH,45000,0.21395,38.796126,-78.817175
64A-((A))-17_SHENANDOAH_VA_0789388B-682A-4E0C-8CD6-7E541E1A69BF,64A-((A))-17,"4612 ORKNEY SPRINGS RD, ORKNEY SPRINGS 22845",ORKNEY SPRINGS,SHENANDOAH,50000,1.29479,38.795647,-78.812094
64A-((1))-15_SHENANDOAH_VA_AD19950F-9FE7-44B1-888B-DF356B639D32,64A-((1))-15,22845,NA,SHENANDOAH,45000,0.21529,38.796137,-78.817384
64A-((A))-1_SHENANDOAH_VA_64A6B03E-4DDD-4AA9-96FA-CBFF78F6799C,64A-((A))-1,"50 SHRINE MONT CIR, BASYE 22810",BASYE,SHENANDOAH,25000,0.15277,38.796141000000006,-78.81458599999998
64-((A))-89_SHENANDOAH_VA_7F5DFEA2-5C7F-493D-B936-53B77164C6AF,64-((A))-89,"2500 HAPPY VALLEY RD, ORKNEY SPRINGS 22845",ORKNEY SPRINGS,SHENANDOAH,243500,52.54565,38.796816,-78.808238
12-23-12_SPOTSYLVANIA_VA_26BE13B1-6DB1-40E6-8074-AB0FB2DCC7E6,12-23-12,"PLANK RD, FREDERICKSBURG 22407",FREDERICKSBURG,SPOTSYLVANIA,337600,1.01636,38.293637,-77.572567
60        81K_STAFFORD_VA_1B8F79C0-D59A-4D7D-AA89-4AAF53D8094C,60        81K,FREDERICKSBURG 22405,FREDERICKSBURG,STAFFORD,100,0.69181,38.25966,-77.345161
19        23H_STAFFORD_VA_BAB4D5A8-1059-42AA-81F1-C2ABDD04DB58,19        23H,"96 SHELTON SHOP RD, STAFFORD 22554",STAFFORD,STAFFORD,195000,9.01653,38.465920999999994,-77.464289
19        23N_STAFFORD_VA_F8C46E35-F626-411F-A5A4-4A7E87D9B48F,19        23N,22554,NA,STAFFORD,5000,0.33097,38.466723,-77.464014
9200_STAUNTON_VA_B66632B0-5AA1-4202-947D-7C6CEAA437CA,9200,"325 WEST FREDERICK ST, STAUNTON 24401",STAUNTON,STAUNTON,NA,0.30825,38.150423,-79.077095
9201_STAUNTON_VA_8CF320FC-D9EC-467E-A8FC-572B0FDAB71C,9201,"329 WEST FREDERICK ST, STAUNTON 24401",STAUNTON,STAUNTON,NA,0.34615,38.150398,-79.077424
3361_STAUNTON_VA_3F0E881C-9E1A-4C41-A7E2-A59C0F58EA83,3361,"215 FILLMORE ST, STAUNTON 24401",STAUNTON,STAUNTON,NA,0.22053,38.151863,-79.07579
9195_STAUNTON_VA_E93D6915-5701-42F3-A372-00A84E76919B,9195,"411 WEST FREDERICK ST, STAUNTON 24401",STAUNTON,STAUNTON,NA,0.38822,38.15053,-79.077726
4594_STAUNTON_VA_2CBB3CC4-B054-4D13-801B-CEA6F1502B82,4594,"107 WEST BEVERLEY ST, STAUNTON 24401",STAUNTON,STAUNTON,NA,0.15451,38.149596,-79.074055
9062_STAUNTON_VA_4F0B26E2-CC03-44C5-BA63-74EF80C81819,9062,"214 WEST BEVERLEY ST, STAUNTON 24401",STAUNTON,STAUNTON,NA,1.99146,38.148814,-79.07512600000001
2624_STAUNTON_VA_AD86748D-1CD0-4C17-9983-94F9B6F04D10,2624,"102 SOUTH LEWIS ST, STAUNTON 24401",STAUNTON,STAUNTON,NA,0.29063,38.148135,-79.074786
11033_STAUNTON_VA_019251C0-94D2-4A82-A1A7-A69D74B30D7B,11033,"797 NEW HOPE RD, STAUNTON 24401",STAUNTON,STAUNTON,NA,8.634319999999999,38.153638,-79.05414900000001
9198_STAUNTON_VA_CFE1DEB7-0CF9-4A6F-A22C-5042CF7F372D,9198,"202 INSTITUTE ST, STAUNTON 24401",STAUNTON,STAUNTON,NA,0.1231,38.151385,-79.077261
9194_STAUNTON_VA_B857A14F-A657-47DD-9812-971FD36C1417,9194,"235 WEST FREDERICK ST, STAUNTON 24401",STAUNTON,STAUNTON,NA,5.40034,38.151203,-79.076655
1270_STAUNTON_VA_740CC650-600F-4665-AD65-6DD49FE08DB6,1270,"402 OSAGE PL, STAUNTON 24401",STAUNTON,STAUNTON,NA,0.12094,38.151611,-79.07728200000001
9199_STAUNTON_VA_4CC52D94-C0A6-4C57-96A7-F08BCF74A881,9199,"411 OSAGE PL, STAUNTON 24401",STAUNTON,STAUNTON,NA,0.11301,38.151461000000005,-79.077608
55-1-28-13_WAYNESBORO_VA_1DEFFEFC-4DE8-4230-9998-D38FF06A11C4,55-1-28-13,"473 SOUTH WAYNE AVE, WAYNESBORO 22980",WAYNESBORO,WAYNESBORO,172300,0.07739,38.064206,-78.892485
48-96_WESTMORELAND_VA_777BD11F-BC7D-4A5A-9D09-4C84A68083D0,48-96,"1233 OLD YEOCOMICO RD, KINSALE 22488",KINSALE,WESTMORELAND,NA,12.74021,38.062838000000006,-76.596972
49-80_WESTMORELAND_VA_D6A4965B-0179-4C37-A8C7-861903FCDE2B,49-80,"15 TUCKER HILL RD, KINSALE 22488",KINSALE,WESTMORELAND,NA,0.68699,38.064597,-76.55927700000002
2716.110.354_WILLIAMSBURG_VA_FEFCA0EA-EC16-4648-BDC1-8C10460C4544,2716.110.354,"331 WEST DUKE OF GLOUCESTER ST, WILLIAMSBURG 23185",WILLIAMSBURG,WILLIAMSBURG,603000,0.52388,37.271447,-76.70525400000001
2716.259.535_WILLIAMSBURG_VA_6E5ABC71-4624-4CBA-BD44-FF5699931CBC,2716.259.535,"314 PRINCE GEORGE ST, WILLIAMSBURG 23185",WILLIAMSBURG,WILLIAMSBURG,822700,0.69284,37.271936,-76.704733
2716.792.391_WILLIAMSBURG_VA_6010D3AE-75D6-49D4-B141-166086861B99,2716.792.391,"201 WEST DUKE OF GLOUCESTER ST, WILLIAMSBURG 23185",WILLIAMSBURG,WILLIAMSBURG,1411300,1.40667,37.271511,-76.702911
131-01- -   1-    >_WINCHESTER_VA_9929193E-5914-4037-AD57-241AFDE8FA82,131-01- -   1-    >,"300 WESTMINSTER CANT DR, WINCHESTER 22603",WINCHESTER,WINCHESTER,5051100,16.734350000000003,39.200522,-78.174802
111-01- -   4-    >_WINCHESTER_VA_A0E04594-8676-456A-A87A-53D04FFCB894,111-01- -   4-    >,"654 FOX DR, WINCHESTER 22603",WINCHESTER,WINCHESTER,2808300,9.75029,39.201577,-78.179027
P12D-3096-0643_YORK_VA_EDC6E457-EFC6-4F39-B2C7-6FA8E342D095,P12D-3096-0643,"109 CHURCH ST, YORKTOWN 23690",YORKTOWN,YORK,325700,0.27759,37.236124,-76.506818
50595800_ALEXANDRIA_VA_68C44013-3D86-46B1-9DFE-70B08B51A769,50595800,"4800 FILLMORE AVE, ALEXANDRIA 22311",ALEXANDRIA,ALEXANDRIA,16920000,6.88392,38.835748,-77.113334
19-A-91_MATHEWS_VA_4A2CD84B-6D83-403B-814A-511FAEBBD2EA,19-A-91,"15661 JOHN CLAYTON MEMORIAL HWY, FOSTER 23056",FOSTER,MATHEWS,35100,3.10625,37.457093,-76.381629
P12D-2919-0388_YORK_VA_8FFA3D64-C39A-41F1-B5C1-3BA489E4ECC8,P12D-2919-0388,"110 A READ ST, A, YORKTOWN 23690",YORKTOWN,YORK,0,0.1013,37.23539,-76.507472
P12D-3037-0680_YORK_VA_B62CFB4C-E99B-4677-BA2A-17DDD3DB4055,P12D-3037-0680,"NOT ADDRESSED, YORKTOWN 23690",YORKTOWN,YORK,NA,0.01686,37.236187,-76.507046
P12D-2995-0619_YORK_VA_DB110D9A-AD56-44A8-8D85-313DD0B62484,P12D-2995-0619,"NOT ADDRESSED, YORKTOWN 23690",YORKTOWN,YORK,NA,0.03508,37.236020999999994,-76.507194
P12D-2974-0469_YORK_VA_77F4D98E-0F04-4CE8-97E5-24683A139BBC,P12D-2974-0469,"110 READ ST, YORKTOWN 23690",YORKTOWN,YORK,0,0.50813,37.235609,-76.50728
P12D-2871-0552_YORK_VA_3D2556DC-BABA-4A93-B2C0-433E8D430A9B,P12D-2871-0552,"115 CHURCH ST, YORKTOWN 23690",YORKTOWN,YORK,369200,0.48384,37.235845999999995,-76.507628
P12D-3050-0575_YORK_VA_16C09A04-E516-4E7F-A9CB-5382C1A9EFF7,P12D-3050-0575,"111 CHURCH ST, YORKTOWN 23690",YORKTOWN,YORK,325200,0.29082,37.235893999999995,-76.507006
P12D-2957-0683_YORK_VA_7D257435-297D-4B44-8C7A-A582AF645F7F,P12D-2957-0683,"111A CHURCH ST, YORKTOWN 23690",YORKTOWN,YORK,381900,0.41596,37.236199,-76.507324
P12D-2834-0457_YORK_VA_5A80D9AE-63EF-46DC-B047-F3EAE0DBFD1F,P12D-2834-0457,"115 A CHURCH ST, A, YORKTOWN 23690",YORKTOWN,YORK,0,0.06145,37.235587,-76.507763
04300000000700_ALBEMARLE_VA_9F8AF56A-27ED-4B1C-AEFA-9E5E453644CA,04300000000700,"2454 GARTH RD, CHARLOTTESVILLE 22901",CHARLOTTESVILLE,ALBEMARLE,202500,1.29381,38.10223800000001,-78.572827
8-A-82_CAROLINE_VA_7C97F597-2E30-4022-8A06-C1BC46C2B07A,8-A-82,"4565 FREDERICKSBURG TPKE, WOODFORD 22580",WOODFORD,CAROLINE,30000,0.61928,38.199096,-77.388209
7900_ESSEX_VA_1D714077-A776-42D3-9D4D-64E66175E600,7900,"COLNBROOK RD, CENTER CROSS 22437",CENTER CROSS,ESSEX,125000,1.06571,37.770091,-76.751312
7902_ESSEX_VA_DBEA50EC-3693-47E3-A2B0-CFE0CD8303D6,7902,"404 SOUTH WATER LN, TAPPAHANNOCK 22560",TAPPAHANNOCK,ESSEX,2400000,5.97492,37.927488,-76.856672
7903_ESSEX_VA_BF75BC8A-0690-46F7-A591-ABF3D3DDAF3A,7903,"612 SOUTH WATER LN, TAPPAHANNOCK 22560",TAPPAHANNOCK,ESSEX,350000,1.96106,37.92616,-76.855818
91B   1 C  20_FREDERICK_VA_4147C665-9583-4DFE-A950-FBFFED17CEC8,91B   1 C  20,"7854 CHURCH ST, MIDDLETOWN 22645",MIDDLETOWN,FREDERICK,45000,0.25502,39.027567000000005,-78.277424
12003431_HAMPTON_VA_F5BAFEB8-CFBC-463A-A09F-5514CF26B421,12003431,"179 EAST MERCURY BLVD, HAMPTON 23669",HAMPTON,HAMPTON,278700,2.70235,37.038810000000005,-76.327987
2002915_HAMPTON_VA_12023E09-B03C-420F-B3D6-24E032BD6E5D,2002915,"120 WEST QUEENS WAY, HAMPTON 23669",HAMPTON,HAMPTON,48000,0.11633,37.02581,-76.347084
2002916_HAMPTON_VA_002F2D88-0EFE-43DF-970E-162FE70F8A65,2002916,"100 WEST QUEENS WAY, HAMPTON 23669",HAMPTON,HAMPTON,1144700,6.721109999999999,37.026709,-76.346697
7883-48-2344_HANOVER_VA_092BA0AC-4B31-4F74-8031-B4404856698C,7883-48-2344,"10523 DOSWELL RD, DOSWELL 23047",DOSWELL,HANOVER,89500,2.68001,37.859975000000006,-77.456272
306040223_NEWPORT-NEWS_VA_1D38E4F9-E6EE-44F1-97FB-026B61AE13FB,306040223,"758 26 ST, NEWPORT NEWS 23607",NEWPORT NEWS,NEWPORT-NEWS,14200,0.08716,36.983853,-76.416417
80-A-19_SPOTSYLVANIA_VA_4CBF50FF-7BC5-41AC-9145-053D03065963,80-A-19,"4040 LEWISTON RD, BUMPASS 23024",BUMPASS,SPOTSYLVANIA,45800,0.92453,38.0718,-77.74593800000001
55-1-28-25_WAYNESBORO_VA_5AD754C1-2DBE-4EED-8F2D-CCEBDB19E2A3,55-1-28-25,"460 CHESTNUT AVE, WAYNESBORO 22980",WAYNESBORO,WAYNESBORO,49000,0.08584,38.06427,-78.893104
26312000_ALEXANDRIA_VA_2F12434B-FD28-4B1D-A5B9-52A21991B6A4,26312000,"3706 SEMINARY RD, ALEXANDRIA 22304",ALEXANDRIA,ALEXANDRIA,6661664,8.87896,38.818343,-77.093324
28029003_ARLINGTON_VA_637707DA-6BCC-4A1F-892B-A6B475A03116,28029003,"SOUTH JEFFERSON ST, ARLINGTON 22204",ARLINGTON,ARLINGTON,32200,0.02052,38.852332,-77.119831
44168090_ALEXANDRIA_VA_BA9DD9FB-675C-431E-8E9E-F1C63612F5AB,44168090,"3801 BUTTERFLY LN, ALEXANDRIA 22304",ALEXANDRIA,ALEXANDRIA,0,0.17903,38.822796,-77.095216
44232020_ALEXANDRIA_VA_F624B9AA-6B00-4575-96CB-AB0272790FDC,44232020,"1109 SOUTH GOODWIN LN, ALEXANDRIA 22302",ALEXANDRIA,ALEXANDRIA,634716,0.0226,38.823184,-77.09145299999999
64-((A))-48_SHENANDOAH_VA_C1B18F12-8553-4D85-9909-CE97BD30E8CA,64-((A))-48,"81 SHRINE MONT CIR, BASYE 22810",BASYE,SHENANDOAH,1975800,727.7467700000001,38.805385,-78.81694
64-((A))-57_SHENANDOAH_VA_63E7B7C4-3221-488F-80DF-58C88F51E027,64-((A))-57,"80 ST GEORGE CAMP LN,  22810",NA,SHENANDOAH,0,238.71663,38.79354,-78.823004
64A-((1))-10_SHENANDOAH_VA_E49B6998-250E-4C79-9E88-12A4989CBE2F,64A-((1))-10,22845,NA,SHENANDOAH,0,0.1987,38.795081,-78.817275
64A-((1))-11_SHENANDOAH_VA_EDE9F899-CAFA-408F-B56B-18CBFFDBCE54,64A-((1))-11,"137 SHRINE MONT CIR,  22810",NA,SHENANDOAH,0,0.2003,38.795076,-78.817072
64A-((1))-21_SHENANDOAH_VA_A5051D5E-8F1B-41C6-8832-E5913C1A8BD7,64A-((1))-21,22845,NA,SHENANDOAH,0,0.09658,38.795593,-78.818846
64A-((1))-22_SHENANDOAH_VA_BF7E9068-C719-4D67-8651-67AA6DF50454,64A-((1))-22,22845,NA,SHENANDOAH,0,0.10392,38.795517,-78.818855
64A-((1))-22A_SHENANDOAH_VA_21D7970C-85A6-4E1A-AAFD-E19FF5A2B10B,64A-((1))-22A,"221 SHRINE MONT CIR,  22810",NA,SHENANDOAH,0,0.52871,38.795274,-78.818873
64A-((1))-23_SHENANDOAH_VA_7E36F347-50CC-4621-B3B7-881CE1EECD9D,64A-((1))-23,"211 SHRINE MONT CIR,  22810",NA,SHENANDOAH,0,0.19397,38.79525,-78.818502
64A-((1))-5_SHENANDOAH_VA_5DDFF48D-C345-4035-8E66-50B384CA6F47,64A-((1))-5,"197 SHRINE MONT CIR,  22810",NA,SHENANDOAH,0,0.20153,38.795232,-78.81829900000001
64A-((1))-6_SHENANDOAH_VA_279B9F0C-45E8-44CA-8316-9E5C3185297F,64A-((1))-6,22845,NA,SHENANDOAH,78000,0.19611,38.795223,-78.818094
64A-((1))-7_SHENANDOAH_VA_5D1145C6-5807-4FF8-A26D-82B789A3C5BB,64A-((1))-7,"183 SHRINE MONT CIR,  22810",NA,SHENANDOAH,0,0.20799,38.795205,-78.817887
64A-((1))-8_SHENANDOAH_VA_6A463664-CC40-4FCC-A50E-91A327671D00,64A-((1))-8,"21 ST GEORGE CAMP LANE,  22810",NA,SHENANDOAH,78000,0.08892,38.795191,-78.817735
64A-((1))-9_SHENANDOAH_VA_16A51EC1-DA49-4EA3-8109-247A83AFFEF1,64A-((1))-9,22845,NA,SHENANDOAH,0,0.19839,38.795173,-78.81747200000001
64C-((1))-(3)-10_SHENANDOAH_VA_575E3CEB-1AD9-44FA-A08A-1C5D59C84229,64C-((1))-(3)-10,22845,NA,SHENANDOAH,0,0.15985,38.791090999999994,-78.817543
64C-((1))-(3)-11_SHENANDOAH_VA_91E3028B-79FC-4C23-B40E-22C54A1ADD1B,64C-((1))-(3)-11,22845,NA,SHENANDOAH,0,0.15348,38.790949,-78.817556
64C-((1))-(3)-12_SHENANDOAH_VA_7F931637-E9B8-46D9-A32A-A7A105D6977A,64C-((1))-(3)-12,22845,NA,SHENANDOAH,0,0.15534,38.79081,-78.81756999999999
64C-((1))-(3)-13_SHENANDOAH_VA_1E491B63-A088-43F1-A806-CCAEFA28F82A,64C-((1))-(3)-13,22845,NA,SHENANDOAH,450000,0.15719,38.79067,-78.817585
64C-((1))-(3)-14_SHENANDOAH_VA_3792BED8-B22C-4625-B3F2-1C63DA921717,64C-((1))-(3)-14,22845,NA,SHENANDOAH,0,0.16101,38.790528,-78.817599
64C-((1))-(3)-15_SHENANDOAH_VA_05E1D1F4-3446-4C79-A3E1-8DDBF5CA39A9,64C-((1))-(3)-15,22845,NA,SHENANDOAH,0,0.14534,38.790393,-78.81761
64C-((1))-(3)-16_SHENANDOAH_VA_678EA166-1D6D-4EC9-B0A5-822EE851F085,64C-((1))-(3)-16,22845,NA,SHENANDOAH,0,0.15693,38.79026,-78.817624
64C-((1))-(3)-17_SHENANDOAH_VA_B2C4C842-DBFD-4F35-9BA6-426F3D3E33E1,64C-((1))-(3)-17,22845,NA,SHENANDOAH,0,0.15371,38.790125,-78.817635
64C-((1))-(3)-2_SHENANDOAH_VA_62E35590-2E8F-43AA-8724-F79C054FC9B2,64C-((1))-(3)-2,22845,NA,SHENANDOAH,0,0.19129,38.79226,-78.817441
64C-((1))-(3)-4_SHENANDOAH_VA_50A51D00-C578-4A4C-A4A3-91BC29E6B230,64C-((1))-(3)-4,22845,NA,SHENANDOAH,0,0.14548,38.791928,-78.81748200000001
64C-((1))-(3)-5_SHENANDOAH_VA_0E979C54-A3B7-468C-985C-3F643AB5EDEB,64C-((1))-(3)-5,22845,NA,SHENANDOAH,0,0.14908,38.79179,-78.817478
64C-((1))-(3)-6_SHENANDOAH_VA_60CE71B9-C055-430E-AAAD-DE3D674BBA5F,64C-((1))-(3)-6,22845,NA,SHENANDOAH,0,0.14607,38.791653,-78.817486
64C-((1))-(3)-7_SHENANDOAH_VA_6B4BBE1C-8CA1-4E77-86EF-5119A873A97D,64C-((1))-(3)-7,22845,NA,SHENANDOAH,0,0.15895,38.791512,-78.81750199999999
64C-((1))-(3)-8_SHENANDOAH_VA_1E862F35-C661-45C2-8B95-DB33A478F478,64C-((1))-(3)-8,22845,NA,SHENANDOAH,0,0.14034,38.791373,-78.81751399999999
64C-((1))-(3)-9_SHENANDOAH_VA_B2017CCE-392A-4BA2-93D0-99609ACEBC9F,64C-((1))-(3)-9,22845,NA,SHENANDOAH,450000,0.15767,38.791236000000005,-78.817529
