uid,pid,congregation_name,congr_name,attendance_2023,members_2023,attendance_avg,attendance_2014,pct_change_attendance,plate_pledge_2023,plate_pledge_2014,pct_change_pledge,lan_val,land_value_per_acre,rgisacre,deed_acres,zon,zon_desc,zon_type,qct,dda,wet_perc,fema_fz,fema_nri,has_wetland_constraint,has_flood_constraint,has_environmental_constraint,church,cemetery,school,parking,open_space,residence,walk_idx,data_completeness,missing_land_value,missing_acreage,missing_wetland,missing_flood,missing_qct,missing_zoning,sadd,scity,scounty,sstate,szip,lat,lon,clean_name,clean_city,geocoded_lat,geocoded_lon,geocode_accuracy,geocode_accuracy_type,geocode_source,has_historic_keyword,historic_constraint,is_primarily_cemetery,is_mixed_cemetery,has_cemetery_component,cemetery_constraint,combined_constraint,development_potential_adjusted,area_acres,assessed_value,site_address,site_city,site_county,name,avg_attendance,avg_pledge,avg_members,use_church,use_cemetery,use_school,use_parking,use_open_space,use_residence,size_score,use_score,walkability_score,location_score,financial_score,financial_need,market_score,zoning_score,constraint_penalty,development_score_raw,development_score,development_tier,bldgcount,year_built,has_congregation,development_potential,rank
54    A   128_FREDERICK_VA_4168E0E3-CEFC-4515-8F75-B011FAE6E4AB,54    A   128,St Pauls on the Hill Church,St Pauls on the Hill Church (Winchester),0,60,57.571428569999995,NA,NA,0,111158,-100,208900,65336.99062012279,3.19727,NA,RP,RESIDENTIAL PERFORMANCE DISTRICT,RESIDENTIAL,0,0,NA,X,RELATIVELY LOW,FALSE,FALSE,FALSE,NA,NA,NA,1,1,NA,6,5,FALSE,FALSE,TRUE,FALSE,FALSE,FALSE,"1527 SENSENY RD, WINCHESTER 22602",WINCHESTER,FREDERICK,VA,22602,39.169944,-78.134498,st pauls on the hill church,winchester,NA,NA,NA,NA,NA,NA,NA,NA,NA,NA,NA,NA,NA,3.19727,208900,"1527 SENSENY RD, WINCHESTER 22602",WINCHESTER,FREDERICK,St Pauls on the Hill Church,0,0,60,FALSE,FALSE,FALSE,TRUE,TRUE,FALSE,100,95,6,30,100,3,50,50,0,74.75,74.75,Tier 2: Strong Potential,1,1950,TRUE,High,1
57 2 02    162A1_FAIRFAX-CITY_VA_DA54251D-0208-4776-8AA7-DB2DA2FF2AA6,57 2 02    162A1,Holy Cross Korean Episcopal Church,Holy Cross Korean Episcopal Church (Fairfax),25,34,26.11111111,33,-24.242424242424242,57025,40169,41.96270756055665,2543600,738911.6768728431,3.44236,NA,RM,RESIDENTIAL MEDIUM,RESIDENTIAL,0,0,NA,AREA NOT INCLUDED,RELATIVELY LOW,FALSE,FALSE,FALSE,NA,NA,NA,NA,1,NA,16.333333330000002,5,FALSE,FALSE,TRUE,FALSE,FALSE,FALSE,"1 TRURO LN, FAIRFAX 22030",FAIRFAX,FAIRFAX-CITY,VA,22030,38.848510000000005,-77.307479,holy cross korean episcopal church,fairfax,NA,NA,NA,NA,NA,NA,NA,NA,NA,NA,NA,NA,NA,3.44236,2543600,"1 TRURO LN, FAIRFAX 22030",FAIRFAX,FAIRFAX-CITY,Holy Cross Korean Episcopal Church,25,57025,34,FALSE,FALSE,FALSE,FALSE,TRUE,FALSE,100,90,16.333333330000002,81.66666665000001,30,1,50,50,0,73.33333333,73.33333333,Tier 2: Strong Potential,1,1950,TRUE,High,2
21        48A_STAFFORD_VA_ABCD1881-6AFC-4B93-ACCC-91BFD05E1387,21        48A,Aquia Church,Aquia Church (Stafford),0,1136,179,210,-100,0,415170,-100,100,65.41035184228257,1.52881,NA,R1,SUBURBAN RESIDENTIAL,RESIDENTIAL,0,0,NA,X,RELATIVELY LOW,FALSE,FALSE,FALSE,NA,1,NA,NA,1,NA,6.83333333,5,FALSE,FALSE,TRUE,FALSE,FALSE,FALSE,STAFFORD 22554,STAFFORD,STAFFORD,VA,22554,38.463754,-77.402608,aquia church,stafford,NA,NA,NA,NA,NA,NA,NA,NA,NA,NA,NA,NA,NA,1.52881,100,STAFFORD 22554,STAFFORD,STAFFORD,Aquia Church,0,0,1136,FALSE,TRUE,FALSE,FALSE,TRUE,FALSE,90,90,6.83333333,34.16666665,100,3,50,50,0,72.33333333,72.33333333,Tier 2: Strong Potential,1,1950,TRUE,High,3
52-9_WESTMORELAND_VA_2D943ABD-25C0-47B7-A302-0ADD56D6C319,52-9,St Pauls Church Nomini Grove,St Pauls Church Nomini Grove (Warsaw),29,39,23.2,23,26.08695652173913,18859,25068,-24.76862932822722,NA,NA,2.72444,NA,A1,NA,NA,0,1,NA,X,RELATIVELY HIGH,FALSE,FALSE,FALSE,NA,NA,NA,NA,1,NA,2.83333333,4,TRUE,FALSE,TRUE,FALSE,FALSE,FALSE,WARSAW 22572,WARSAW,WESTMORELAND,VA,22572,38.0338,-76.745535,st pauls church nomini grove,warsaw,NA,NA,NA,NA,NA,NA,NA,NA,NA,NA,NA,NA,NA,2.72444,NA,WARSAW 22572,WARSAW,WESTMORELAND,St Pauls Church Nomini Grove,29,18859,39,FALSE,FALSE,FALSE,FALSE,TRUE,FALSE,100,90,2.83333333,14.16666665,100,3,70,50,0,72.33333333,72.33333333,Tier 2: Strong Potential,1,1950,TRUE,High,4
54    A   128A_FREDERICK_VA_583F9731-E991-494D-A991-AE438931B90D,54    A   128A,St Pauls on the Hill Church,St Pauls on the Hill Church (Winchester),0,60,57.571428569999995,NA,NA,0,111158,-100,133600,79962.6521744335,1.67078,NA,RP,RESIDENTIAL PERFORMANCE DISTRICT,RESIDENTIAL,0,0,9.10426623,X,RELATIVELY LOW,FALSE,FALSE,FALSE,NA,NA,NA,NA,1,NA,6,6,FALSE,FALSE,FALSE,FALSE,FALSE,FALSE,WINCHESTER 22602,WINCHESTER,FREDERICK,VA,22602,39.170147,-78.134878,st pauls on the hill church,winchester,NA,NA,NA,NA,NA,NA,NA,NA,NA,NA,NA,NA,NA,1.67078,133600,WINCHESTER 22602,WINCHESTER,FREDERICK,St Pauls on the Hill Church,0,0,60,FALSE,FALSE,FALSE,FALSE,TRUE,FALSE,90,90,6,30,100,3,50,50,0,71.5,71.5,Tier 2: Strong Potential,1,1950,TRUE,High,5
57 4 02    078_FAIRFAX-CITY_VA_628A0C1A-51A8-45DA-BDAB-37137E94B3EE,57 4 02    078,Holy Cross Korean Episcopal Church,Holy Cross Korean Episcopal Church (Fairfax),25,34,26.11111111,33,-24.242424242424242,57025,40169,41.96270756055665,1218800,2012217.2692752187,0.6057,NA,CR,COMMERCIAL RETAIL,COMMERCIAL,0,0,NA,AREA NOT INCLUDED,RELATIVELY LOW,FALSE,FALSE,FALSE,1,NA,NA,1,NA,NA,16.333333330000002,5,FALSE,FALSE,TRUE,FALSE,FALSE,FALSE,"10490 MAIN ST, FAIRFAX 22030",FAIRFAX,FAIRFAX-CITY,VA,22030,38.847148999999995,-77.308304,holy cross korean episcopal church,fairfax,NA,NA,NA,NA,NA,NA,NA,NA,NA,NA,NA,NA,NA,0.6057,1218800,"10490 MAIN ST, FAIRFAX 22030",FAIRFAX,FAIRFAX-CITY,Holy Cross Korean Episcopal Church,25,57025,34,TRUE,FALSE,FALSE,TRUE,FALSE,FALSE,70,95,16.333333330000002,81.66666665000001,30,1,50,50,0,68.58333333,68.58333333,Tier 2: Strong Potential,1,1950,TRUE,Moderate,6
N0170498039_RICHMOND-CITY_VA_C5D2D971-154B-4182-B40B-6D3EBD9C71DE,N0170498039,Christ Ascension Church,Christ Ascension Church (Richmond),18,49,33.11111111,42,-57.14285714285714,29472,96270,-69.38610158928014,414000,281246.1787203978,1.47202,NA,R-4,SINGLE FAMILY RESIDENTIAL DISTRICT,RESIDENTIAL,0,0,NA,X,VERY LOW,FALSE,FALSE,FALSE,1,NA,NA,NA,NA,NA,12.33333333,5,FALSE,FALSE,TRUE,FALSE,FALSE,FALSE,"1704 WEST LABURNUM AVE, RICHMOND 23227",RICHMOND,RICHMOND-CITY,VA,23227,37.584563,-77.46406,christ ascension church,richmond,NA,NA,NA,NA,NA,NA,NA,NA,NA,NA,NA,NA,NA,1.47202,414000,"1704 WEST LABURNUM AVE, RICHMOND 23227",RICHMOND,RICHMOND-CITY,Christ Ascension Church,18,29472,49,TRUE,FALSE,FALSE,FALSE,FALSE,FALSE,90,30,12.33333333,61.66666665,100,3,50,50,0,62.83333333,62.83333333,Tier 2: Strong Potential,1,1950,TRUE,Moderate,7
489452448000_LOUDOUN_VA_E67769F6-56A1-45B1-AF52-C6D7089AB7E0,489452448000,St Peters Church,St Peters Church (Purcellville),0,166,149,189,-100,0,454917,-100,791900,392324.9177598986,2.01848,NA,IP,INSTITUTIONAL AND PUBLIC USE,SPECIAL,0,0,NA,X,VERY LOW,FALSE,FALSE,FALSE,1,NA,NA,NA,NA,NA,8.5,5,FALSE,FALSE,TRUE,FALSE,FALSE,FALSE,"37018 GLENDALE ST, PURCELLVILLE 20132",PURCELLVILLE,LOUDOUN,VA,20132,39.129139,-77.723605,st peters church,purcellville,NA,NA,NA,NA,NA,NA,NA,NA,NA,NA,NA,NA,NA,2.01848,791900,"37018 GLENDALE ST, PURCELLVILLE 20132",PURCELLVILLE,LOUDOUN,St Peters Church,0,0,166,TRUE,FALSE,FALSE,FALSE,FALSE,FALSE,100,30,8.5,42.5,100,3,50,50,0,61,61,Tier 2: Strong Potential,1,1950,TRUE,High,8
32-136_RICHMOND_VA_DEF924E5-F9B3-497C-A618-0F4691D3B001,32-136,North Farnham Parish Church,North Farnham Parish Church (Farnham),29,35,21.875,NA,NA,46355,NA,NA,26150,12742.112315751006,2.05225,NA,A-1,NA,NA,0,1,NA,X,RELATIVELY MODERATE,FALSE,FALSE,FALSE,NA,NA,NA,NA,1,NA,2,5,FALSE,FALSE,TRUE,FALSE,FALSE,FALSE,FARNHAM 22460,FARNHAM,RICHMOND,VA,22460,37.886625,-76.624605,north farnham parish church,farnham,NA,NA,NA,NA,NA,NA,NA,NA,NA,NA,NA,NA,NA,2.05225,26150,FARNHAM 22460,FARNHAM,RICHMOND,North Farnham Parish Church,29,46355,35,FALSE,FALSE,FALSE,FALSE,TRUE,FALSE,100,90,2,10,30,1,70,50,0,61,61,Tier 2: Strong Potential,1,1950,TRUE,High,9
16A3(A)20_RICHMOND_VA_CFAB708D-870C-4901-9DCB-6DE17A4850E6,16A3(A)20,St Johns Church,St Johns Church (Warsaw),29,34,26,NA,NA,58818,NA,NA,21323,30311.60264975976,0.70346,NA,R-12,RESIDENTIAL OFFICE,MIXED,0,1,NA,X,RELATIVELY HIGH,FALSE,FALSE,FALSE,NA,NA,NA,NA,1,NA,7.83333333,5,FALSE,FALSE,TRUE,FALSE,FALSE,FALSE,WARSAW 22572,WARSAW,RICHMOND,VA,22572,37.957879,-76.764593,st johns church,warsaw,NA,NA,NA,NA,NA,NA,NA,NA,NA,NA,NA,NA,NA,0.70346,21323,WARSAW 22572,WARSAW,RICHMOND,St Johns Church,29,58818,34,FALSE,FALSE,FALSE,FALSE,TRUE,FALSE,70,90,7.83333333,39.16666665,30,1,70,50,0,60.83333333,60.83333333,Tier 2: Strong Potential,1,1950,TRUE,Moderate,10
6887-09-4394-000_FAUQUIER_VA_7663C686-5769-490D-B57B-13627148F457,6887-09-4394-000,St Lukes Church,St Lukes Church (Remington),0,19,22.5,26,-100,0,27983,-100,200000,73351.15766464584,2.72661,NA,NA,NA,NA,0,0,NA,X,RELATIVELY LOW,FALSE,FALSE,FALSE,1,NA,NA,NA,NA,NA,7.5,4,FALSE,FALSE,TRUE,FALSE,FALSE,TRUE,"403 NORTH RAPPAHANNOCK ST, REMINGTON 22734",REMINGTON,FAUQUIER,VA,22734,38.536965,-77.80924800000001,st lukes church,remington,NA,NA,NA,NA,NA,NA,NA,NA,NA,NA,NA,NA,NA,2.72661,200000,"403 NORTH RAPPAHANNOCK ST, REMINGTON 22734",REMINGTON,FAUQUIER,St Lukes Church,0,0,19,TRUE,FALSE,FALSE,FALSE,FALSE,FALSE,100,30,7.5,37.5,100,3,50,50,0,60,60,Tier 2: Strong Potential,1,1950,TRUE,High,11
54A-1-27_FLUVANNA_VA_B52AE9ED-B9EF-4B1B-845A-8468FCDF5702,54A-1-27,St Johns Church,St Johns Church (Columbia),18,22,17.666666669999998,21,-14.285714285714285,25987,29213,-11.043028788553041,6000,11635.122556624263,0.51568,NA,R-4,NA,NA,0,0,NA,X,RELATIVELY LOW,FALSE,FALSE,FALSE,NA,NA,NA,NA,1,NA,3,5,FALSE,FALSE,TRUE,FALSE,FALSE,FALSE,"64 K ST, COLUMBIA 23038",COLUMBIA,FLUVANNA,VA,23038,37.754414,-78.162325,st johns church,columbia,NA,NA,NA,NA,NA,NA,NA,NA,NA,NA,NA,NA,NA,0.51568,6000,"64 K ST, COLUMBIA 23038",COLUMBIA,FLUVANNA,St Johns Church,18,25987,22,FALSE,FALSE,FALSE,FALSE,TRUE,FALSE,70,90,3,15,70,2,50,50,0,60,60,Tier 2: Strong Potential,1,1950,TRUE,Moderate,12
007000000002A0_ALBEMARLE_VA_67DD57C8-B7DD-4663-AD14-C9327886B070,007000000002A0,Good Shepherd-of-the-Hills,Good Shepherd-of-the-Hills (Free Union),0,16,10.42857143,11,-100,0,4058,-100,117600,37747.84057315089,3.11541,NA,RA,RURAL AREAS,RESIDENTIAL,0,0,NA,X,RELATIVELY LOW,FALSE,FALSE,FALSE,1,NA,NA,NA,NA,NA,6.16666667,5,FALSE,FALSE,TRUE,FALSE,FALSE,FALSE,"7420 MISSION HOME RD, FREE UNION 22940",FREE UNION,ALBEMARLE,VA,22940,38.239992,-78.61708,good shepherd-of-the-hills,free union,NA,NA,NA,NA,NA,NA,NA,NA,NA,NA,NA,NA,NA,3.11541,117600,"7420 MISSION HOME RD, FREE UNION 22940",FREE UNION,ALBEMARLE,Good Shepherd-of-the-Hills,0,0,16,TRUE,FALSE,FALSE,FALSE,FALSE,FALSE,100,30,6.16666667,30.833333349999997,100,3,50,50,0,58.66666667,58.66666667,Tier 3: Moderate Potential,1,1950,TRUE,High,13
57 2 02    157_FAIRFAX-CITY_VA_0B8EA8B1-9FF8-472E-B3C8-AF25DAADE549,57 2 02    157,Holy Cross Korean Episcopal Church,Holy Cross Korean Episcopal Church (Fairfax),25,34,26.11111111,33,-24.242424242424242,57025,40169,41.96270756055665,3567300,867873.8513863649,4.11039,NA,RM,RESIDENTIAL MEDIUM,RESIDENTIAL,0,0,NA,AREA NOT INCLUDED,RELATIVELY LOW,FALSE,FALSE,FALSE,1,NA,NA,NA,NA,NA,16.333333330000002,5,FALSE,FALSE,TRUE,FALSE,FALSE,FALSE,"10520 MAIN ST, FAIRFAX 22030",FAIRFAX,FAIRFAX-CITY,VA,22030,38.847782,-77.308781,holy cross korean episcopal church,fairfax,NA,NA,NA,NA,NA,NA,NA,NA,NA,NA,NA,NA,NA,4.11039,3567300,"10520 MAIN ST, FAIRFAX 22030",FAIRFAX,FAIRFAX-CITY,Holy Cross Korean Episcopal Church,25,57025,34,TRUE,FALSE,FALSE,FALSE,FALSE,FALSE,100,30,16.333333330000002,81.66666665000001,30,1,50,50,0,58.33333333,58.33333333,Tier 3: Moderate Potential,1,1950,TRUE,High,14
7923-01-4597-000_FAUQUIER_VA_F3954A28-120A-4CF7-9D51-95A7258ACF4B,7923-01-4597-000,St Stephens Church,St Stephens Church (Catlett),23,87,34,46,-50,101136,142223,-28.88913888752171,136400,57743.515496344466,2.36217,NA,RA,RURAL AGRICULTURAL,AGRICULTURE,0,0,0.32121708,X,VERY LOW,FALSE,FALSE,FALSE,1,NA,NA,NA,NA,NA,5.66666667,6,FALSE,FALSE,FALSE,FALSE,FALSE,FALSE,"8695 OLD DUMFRIES RD, CATLETT 20119",CATLETT,FAUQUIER,VA,20119,38.679517,-77.667521,st stephens church,catlett,NA,NA,NA,NA,NA,NA,NA,NA,NA,NA,NA,NA,NA,2.36217,136400,"8695 OLD DUMFRIES RD, CATLETT 20119",CATLETT,FAUQUIER,St Stephens Church,23,101136,87,TRUE,FALSE,FALSE,FALSE,FALSE,FALSE,100,30,5.66666667,28.333333349999997,100,3,50,50,0,58.16666667,58.16666667,Tier 3: Moderate Potential,1,1950,TRUE,High,15
361462861000_LOUDOUN_VA_4CBE052C-609E-415B-926B-57BA2E1C8E0A,361462861000,Church of Our Redeemer,Church of Our Redeemer (Aldie),19,28,49.88888889,90,-78.88888888888889,53675,169589,-68.34995194263779,284100,250947.34610594378,1.13211,NA,A3,AGRICULTURAL RESIDENTIAL,MIXED,0,0,NA,X,VERY LOW,FALSE,FALSE,FALSE,1,NA,NA,NA,NA,NA,7,5,FALSE,FALSE,TRUE,FALSE,FALSE,FALSE,"39518 LITTLE RIVER TPKE, ALDIE 20105",ALDIE,LOUDOUN,VA,20105,38.975221,-77.636971,church of our redeemer,aldie,NA,NA,NA,NA,NA,NA,NA,NA,NA,NA,NA,NA,NA,1.13211,284100,"39518 LITTLE RIVER TPKE, ALDIE 20105",ALDIE,LOUDOUN,Church of Our Redeemer,19,53675,28,TRUE,FALSE,FALSE,FALSE,FALSE,FALSE,90,30,7,35,100,3,50,50,0,57.5,57.5,Tier 3: Moderate Potential,1,1950,TRUE,Moderate,16
34-132_WESTMORELAND_VA_4463C697-241E-45B6-982C-8161901EDDF5,34-132,St James Church,St James Church (Montross),25,100,25.3,32,-21.875,55882,58597,-4.63334300390805,NA,NA,1.03877,NA,A1,NA,NA,0,1,NA,NA,RELATIVELY HIGH,FALSE,FALSE,FALSE,1,NA,NA,NA,NA,1,8.166666670000001,3,TRUE,FALSE,TRUE,TRUE,FALSE,FALSE,"218 RECTORY RD, MONTROSS 22520",MONTROSS,WESTMORELAND,VA,22520,38.092374,-76.825491,st james church,montross,NA,NA,NA,NA,NA,NA,NA,NA,NA,NA,NA,NA,NA,1.03877,NA,"218 RECTORY RD, MONTROSS 22520",MONTROSS,WESTMORELAND,St James Church,25,55882,100,TRUE,FALSE,FALSE,FALSE,FALSE,TRUE,90,30,8.166666670000001,40.833333350000004,70,2,70,50,0,56.16666667,56.16666667,Tier 3: Moderate Potential,1,1950,TRUE,Moderate,17
34A2-1-6-12A_WESTMORELAND_VA_56712AC0-00BB-45D4-8751-F050494469EB,34A2-1-6-12A,St James Church,St James Church (Montross),25,100,25.3,32,-21.875,55882,58597,-4.63334300390805,NA,NA,1.12368,NA,A1,NA,NA,0,1,NA,X,RELATIVELY HIGH,FALSE,FALSE,FALSE,1,NA,NA,NA,NA,NA,8.166666670000001,4,TRUE,FALSE,TRUE,FALSE,FALSE,FALSE,MONTROSS 22520,MONTROSS,WESTMORELAND,VA,22520,38.094094,-76.826997,st james church,montross,NA,NA,NA,NA,NA,NA,NA,NA,NA,NA,NA,NA,NA,1.12368,NA,MONTROSS 22520,MONTROSS,WESTMORELAND,St James Church,25,55882,100,TRUE,FALSE,FALSE,FALSE,FALSE,FALSE,90,30,8.166666670000001,40.833333350000004,70,2,70,50,0,56.16666667,56.16666667,Tier 3: Moderate Potential,1,1950,TRUE,Moderate,18
22-65_KING-WILLIAM_VA_C2D04FAE-2BDD-414C-8F52-5B894780CD9A,22-65,St Davids Church,St Davids Church (Aylett),11,50,17.5,31,-64.51612903225806,19409,39897,-51.35223199739328,46750,37294.97734379986,1.25352,NA,NA,AGRIC CONSERVATION,NA,0,0,NA,X,RELATIVELY MODERATE,FALSE,FALSE,FALSE,1,NA,NA,NA,NA,NA,4.83333333,4,FALSE,FALSE,TRUE,FALSE,FALSE,TRUE,"11291 WEST RIVER RD, AYLETT 23009",AYLETT,KING-WILLIAM,VA,23009,37.78489,-77.103395,st davids church,aylett,NA,NA,NA,NA,NA,NA,NA,NA,NA,NA,NA,NA,NA,1.25352,46750,"11291 WEST RIVER RD, AYLETT 23009",AYLETT,KING-WILLIAM,St Davids Church,11,19409,50,TRUE,FALSE,FALSE,FALSE,FALSE,FALSE,90,30,4.83333333,24.166666650000003,100,3,50,50,0,55.33333333,55.33333333,Tier 3: Moderate Potential,1,1950,TRUE,Moderate,19
91   A       63_PAGE_VA_85A2625F-B45E-4ED0-82D4-3C4BBAFE103A,91   A       63,St Georges Church,St Georges Church (Stanley),0,7,13.142857139999998,18,-100,0,6382,-100,70000,38209.398420314305,1.83201,NA,W-C,WOODLAND CONSERVATION,SPECIAL,0,0,NA,X,VERY LOW,FALSE,FALSE,FALSE,1,NA,NA,NA,NA,NA,4.5,5,FALSE,FALSE,TRUE,FALSE,FALSE,FALSE,"3392 PINE GROVE RD, STANLEY 22851",STANLEY,PAGE,VA,22851,38.536373999999995,-78.481571,st georges church,stanley,NA,NA,NA,NA,NA,NA,NA,NA,NA,NA,NA,NA,NA,1.83201,70000,"3392 PINE GROVE RD, STANLEY 22851",STANLEY,PAGE,St Georges Church,0,0,7,TRUE,FALSE,FALSE,FALSE,FALSE,FALSE,90,30,4.5,22.5,100,3,50,50,0,55,55,Tier 3: Moderate Potential,1,1950,TRUE,High,20
43A4-2-5_CAROLINE_VA_30119625-AA83-40EC-B878-546561844ABB,43A4-2-5,St Asaphs Church,St Asaphs Church (Bowling Green),0,155,52.33333333,58,-100,0,98603,-100,60000,114993.19623588938,0.52177,NA,RP,NA,NA,0,0,NA,X,RELATIVELY LOW,FALSE,FALSE,FALSE,NA,NA,NA,NA,NA,1,4.83333333,5,FALSE,FALSE,TRUE,FALSE,FALSE,FALSE,"DORSEY LANE LN, BOWLING GREEN 22427",BOWLING GREEN,CAROLINE,VA,22427,38.048035,-77.347224,st asaphs church,bowling green,NA,NA,NA,NA,NA,NA,NA,NA,NA,NA,NA,NA,NA,0.52177,60000,"DORSEY LANE LN, BOWLING GREEN 22427",BOWLING GREEN,CAROLINE,St Asaphs Church,0,0,155,FALSE,FALSE,FALSE,FALSE,FALSE,TRUE,70,40,4.83333333,24.166666650000003,100,3,50,50,0,53.83333333,53.83333333,Tier 3: Moderate Potential,1,1950,TRUE,Moderate,21
22-63_KING-WILLIAM_VA_206E2677-3B1D-4106-8C3A-959239FB6864,22-63,St Davids Church,St Davids Church (Aylett),11,50,17.5,31,-64.51612903225806,19409,39897,-51.35223199739328,800000,1390385.4843755432,0.57538,NA,NA,LOCAL BUSINESS,NA,0,0,NA,X,RELATIVELY MODERATE,FALSE,FALSE,FALSE,NA,NA,NA,NA,NA,1,4.83333333,4,FALSE,FALSE,TRUE,FALSE,FALSE,TRUE,"11253 WEST RIVER RD, AYLETT 23009",AYLETT,KING-WILLIAM,VA,23009,37.785479,-77.10392,st davids church,aylett,NA,NA,NA,NA,NA,NA,NA,NA,NA,NA,NA,NA,NA,0.57538,800000,"11253 WEST RIVER RD, AYLETT 23009",AYLETT,KING-WILLIAM,St Davids Church,11,19409,50,FALSE,FALSE,FALSE,FALSE,FALSE,TRUE,70,40,4.83333333,24.166666650000003,100,3,50,50,0,53.83333333,53.83333333,Tier 3: Moderate Potential,1,1950,TRUE,Moderate,22
7901-78-0662-000_FAUQUIER_VA_0FEC947C-D547-4B45-8CB9-848C7F62BC8A,7901-78-0662-000,Grace Church Emmanuel Parish,Grace Church Emmanuel Parish (Midland),14,38,19.85714286,29,-51.724137931034484,72564,88651,-18.14643940846691,172900,47365.58064613336,3.65033,NA,RA,RURAL AGRICULTURAL,AGRICULTURE,0,0,NA,X,VERY LOW,FALSE,FALSE,FALSE,1,NA,NA,NA,NA,NA,5.66666667,5,FALSE,FALSE,TRUE,FALSE,FALSE,FALSE,"5096 GRACE CHURCH LN, MIDLAND 22728",MIDLAND,FAUQUIER,VA,22728,38.644301,-77.715401,grace church emmanuel parish,midland,NA,NA,NA,NA,NA,NA,NA,NA,NA,NA,NA,NA,NA,3.65033,172900,"5096 GRACE CHURCH LN, MIDLAND 22728",MIDLAND,FAUQUIER,Grace Church Emmanuel Parish,14,72564,38,TRUE,FALSE,FALSE,FALSE,FALSE,FALSE,100,30,5.66666667,28.333333349999997,70,2,50,50,0,53.66666667,53.66666667,Tier 3: Moderate Potential,1,1950,TRUE,High,23
7901-79-2032-000_FAUQUIER_VA_C7E3348B-50ED-4E93-BE63-B6FDA6322157,7901-79-2032-000,Grace Church Emmanuel Parish,Grace Church Emmanuel Parish (Midland),14,38,19.85714286,29,-51.724137931034484,72564,88651,-18.14643940846691,146900,53306.3354343795,2.75577,NA,RA,RURAL AGRICULTURAL,AGRICULTURE,0,0,NA,X,VERY LOW,FALSE,FALSE,FALSE,1,NA,NA,NA,NA,NA,5.66666667,5,FALSE,FALSE,TRUE,FALSE,FALSE,FALSE,"5094 GRACE CHURCH LN, MIDLAND 22728",MIDLAND,FAUQUIER,VA,22728,38.645381,-77.714623,grace church emmanuel parish,midland,NA,NA,NA,NA,NA,NA,NA,NA,NA,NA,NA,NA,NA,2.75577,146900,"5094 GRACE CHURCH LN, MIDLAND 22728",MIDLAND,FAUQUIER,Grace Church Emmanuel Parish,14,72564,38,TRUE,FALSE,FALSE,FALSE,FALSE,FALSE,100,30,5.66666667,28.333333349999997,70,2,50,50,0,53.66666667,53.66666667,Tier 3: Moderate Potential,1,1950,TRUE,High,24
7923-01-5833-000_FAUQUIER_VA_8A63D465-8BBF-4BE6-A727-00C8ACC31EAC,7923-01-5833-000,St Stephens Church,St Stephens Church (Catlett),23,87,34,46,-50,101136,142223,-28.88913888752171,115000,116217.96426550247,0.98952,NA,RA,RURAL AGRICULTURAL,AGRICULTURE,0,0,NA,X,VERY LOW,FALSE,FALSE,FALSE,1,NA,NA,NA,NA,NA,5.66666667,5,FALSE,FALSE,TRUE,FALSE,FALSE,FALSE,"8691 OLD DUMFRIES RD, CATLETT 20119",CATLETT,FAUQUIER,VA,20119,38.680175000000006,-77.66763499999999,st stephens church,catlett,NA,NA,NA,NA,NA,NA,NA,NA,NA,NA,NA,NA,NA,0.98952,115000,"8691 OLD DUMFRIES RD, CATLETT 20119",CATLETT,FAUQUIER,St Stephens Church,23,101136,87,TRUE,FALSE,FALSE,FALSE,FALSE,FALSE,70,30,5.66666667,28.333333349999997,100,3,50,50,0,52.16666667,52.16666667,Tier 3: Moderate Potential,1,1950,TRUE,Moderate,25
7923-01-7748-000_FAUQUIER_VA_29A20B5E-02A4-4DB3-A9A4-F0FF294C38E6,7923-01-7748-000,St Stephens Church,St Stephens Church (Catlett),23,87,34,46,-50,101136,142223,-28.88913888752171,115000,115978.86159183508,0.99156,NA,RA,RURAL AGRICULTURAL,AGRICULTURE,0,0,NA,X,VERY LOW,FALSE,FALSE,FALSE,1,NA,NA,NA,NA,NA,5.66666667,5,FALSE,FALSE,TRUE,FALSE,FALSE,FALSE,"8693 OLD DUMFRIES RD, CATLETT 20119",CATLETT,FAUQUIER,VA,20119,38.68005,-77.66691399999998,st stephens church,catlett,NA,NA,NA,NA,NA,NA,NA,NA,NA,NA,NA,NA,NA,0.99156,115000,"8693 OLD DUMFRIES RD, CATLETT 20119",CATLETT,FAUQUIER,St Stephens Church,23,101136,87,TRUE,FALSE,FALSE,FALSE,FALSE,FALSE,70,30,5.66666667,28.333333349999997,100,3,50,50,0,52.16666667,52.16666667,Tier 3: Moderate Potential,1,1950,TRUE,Moderate,26
34A2-1-6-11_WESTMORELAND_VA_CDD79F6F-7DBB-4631-97D7-1265B56589B3,34A2-1-6-11,St James Church,St James Church (Montross),25,100,25.3,32,-21.875,55882,58597,-4.63334300390805,NA,NA,0.80487,NA,A1,NA,NA,0,1,NA,X,RELATIVELY HIGH,FALSE,FALSE,FALSE,1,NA,NA,NA,NA,NA,8.166666670000001,4,TRUE,FALSE,TRUE,FALSE,FALSE,FALSE,"15870 KINGS HWY, MONTROSS 22520",MONTROSS,WESTMORELAND,VA,22520,38.094819,-76.827101,st james church,montross,NA,NA,NA,NA,NA,NA,NA,NA,NA,NA,NA,NA,NA,0.80487,NA,"15870 KINGS HWY, MONTROSS 22520",MONTROSS,WESTMORELAND,St James Church,25,55882,100,TRUE,FALSE,FALSE,FALSE,FALSE,FALSE,70,30,8.166666670000001,40.833333350000004,70,2,70,50,0,52.16666667,52.16666667,Tier 3: Moderate Potential,1,1950,TRUE,Moderate,27
21        48C_STAFFORD_VA_2AC4ADC0-A7E2-4704-971B-978FFE38C0A2,21        48C,Aquia Church,Aquia Church (Stafford),0,1136,179,210,-100,0,415170,-100,100,89.68529430229324,1.11501,NA,R1,SUBURBAN RESIDENTIAL,RESIDENTIAL,0,0,NA,X,RELATIVELY LOW,FALSE,FALSE,FALSE,1,1,NA,NA,NA,NA,6.83333333,5,FALSE,FALSE,TRUE,FALSE,FALSE,FALSE,STAFFORD 22554,STAFFORD,STAFFORD,VA,22554,38.463722,-77.40181399999999,aquia church,stafford,NA,NA,NA,NA,NA,NA,NA,NA,NA,NA,NA,NA,NA,1.11501,100,STAFFORD 22554,STAFFORD,STAFFORD,Aquia Church,0,0,1136,TRUE,TRUE,FALSE,FALSE,FALSE,FALSE,90,5,6.83333333,34.16666665,100,3,50,50,0,51.08333333,51.08333333,Tier 3: Moderate Potential,1,1950,TRUE,Moderate,28
21        48F_STAFFORD_VA_DF95C4BF-280E-463C-8A8D-C4A38EBC8F58,21        48F,Aquia Church,Aquia Church (Stafford),0,1136,179,210,-100,0,415170,-100,73200,49983.27062663453,1.46449,NA,R1,SUBURBAN RESIDENTIAL,RESIDENTIAL,0,0,NA,X,RELATIVELY LOW,FALSE,FALSE,FALSE,1,1,NA,NA,NA,NA,6.83333333,5,FALSE,FALSE,TRUE,FALSE,FALSE,FALSE,"2948 RICHMOND HWY, STAFFORD 22554",STAFFORD,STAFFORD,VA,22554,38.465114,-77.403629,aquia church,stafford,NA,NA,NA,NA,NA,NA,NA,NA,NA,NA,NA,NA,NA,1.46449,73200,"2948 RICHMOND HWY, STAFFORD 22554",STAFFORD,STAFFORD,Aquia Church,0,0,1136,TRUE,TRUE,FALSE,FALSE,FALSE,FALSE,90,5,6.83333333,34.16666665,100,3,50,50,0,51.08333333,51.08333333,Tier 3: Moderate Potential,1,1950,TRUE,Moderate,29
8800-95-4566_HANOVER_VA_8BEA0C32-D022-471A-ADF0-73145B9BF175,8800-95-4566,Calvary Episcopal Church,Calvary Episcopal Church (Hanover),23,98,28.11111111,29,-20.689655172413794,42469,44016,-3.514631043256997,83300,57405.12304543481,1.45109,NA,A-1,AGRICULTURAL,AGRICULTURE,0,0,NA,X,RELATIVELY LOW,FALSE,FALSE,FALSE,1,NA,NA,NA,NA,NA,4.83333333,5,FALSE,FALSE,TRUE,FALSE,FALSE,FALSE,"13312 HANOVER COURTHOUSE RD, HANOVER 23069",HANOVER,HANOVER,VA,23069,37.769148,-77.37028,calvary episcopal church,hanover,NA,NA,NA,NA,NA,NA,NA,NA,NA,NA,NA,NA,NA,1.45109,83300,"13312 HANOVER COURTHOUSE RD, HANOVER 23069",HANOVER,HANOVER,Calvary Episcopal Church,23,42469,98,TRUE,FALSE,FALSE,FALSE,FALSE,FALSE,90,30,4.83333333,24.166666650000003,70,2,50,50,0,50.83333333,50.83333333,Tier 3: Moderate Potential,1,1950,TRUE,Moderate,30
7895_ESSEX_VA_9F9B3868-8300-43DE-9929-CBD33B5AB3DC,7895,Vauters Church,Vauters Church (Loretto),19,85,21.83333333,30,-36.666666666666664,92692,56230,64.84438911613017,60909,29284.58098947065,2.0799,NA,A-1,NA,NA,0,1,NA,X,RELATIVELY HIGH,FALSE,FALSE,FALSE,1,NA,NA,NA,NA,NA,3.5,5,FALSE,FALSE,TRUE,FALSE,FALSE,FALSE,"3663 TIDEWATER TRL, LORETTO 22509",LORETTO,ESSEX,VA,22509,38.087384,-77.068281,vauters church,loretto,NA,NA,NA,NA,NA,NA,NA,NA,NA,NA,NA,NA,NA,2.0799,60909,"3663 TIDEWATER TRL, LORETTO 22509",LORETTO,ESSEX,Vauters Church,19,92692,85,TRUE,FALSE,FALSE,FALSE,FALSE,FALSE,100,30,3.5,17.5,30,1,70,50,0,47.5,47.5,Tier 3: Moderate Potential,1,1950,TRUE,High,31
21        48D_STAFFORD_VA_F752F84C-079F-4AD9-B141-C7776D30E324,21        48D,Aquia Church,Aquia Church (Stafford),0,1136,179,210,-100,0,415170,-100,100,102.69365455908479,0.97377,NA,R1,SUBURBAN RESIDENTIAL,RESIDENTIAL,0,0,NA,X,RELATIVELY LOW,FALSE,FALSE,FALSE,1,1,NA,NA,NA,NA,6.83333333,5,FALSE,FALSE,TRUE,FALSE,FALSE,FALSE,STAFFORD 22554,STAFFORD,STAFFORD,VA,22554,38.464634,-77.401983,aquia church,stafford,NA,NA,NA,NA,NA,NA,NA,NA,NA,NA,NA,NA,NA,0.97377,100,STAFFORD 22554,STAFFORD,STAFFORD,Aquia Church,0,0,1136,TRUE,TRUE,FALSE,FALSE,FALSE,FALSE,70,5,6.83333333,34.16666665,100,3,50,50,0,47.08333333,47.08333333,Tier 3: Moderate Potential,1,1950,TRUE,Moderate,32
21        48E_STAFFORD_VA_D2634842-FEE8-4493-8818-5BADE0187D43,21        48E,Aquia Church,Aquia Church (Stafford),0,1136,179,210,-100,0,415170,-100,100,105.51305724083356,0.94775,NA,R1,SUBURBAN RESIDENTIAL,RESIDENTIAL,0,0,NA,X,RELATIVELY LOW,FALSE,FALSE,FALSE,1,1,NA,NA,NA,NA,6.83333333,5,FALSE,FALSE,TRUE,FALSE,FALSE,FALSE,STAFFORD 22554,STAFFORD,STAFFORD,VA,22554,38.464490999999995,-77.401544,aquia church,stafford,NA,NA,NA,NA,NA,NA,NA,NA,NA,NA,NA,NA,NA,0.94775,100,STAFFORD 22554,STAFFORD,STAFFORD,Aquia Church,0,0,1136,TRUE,TRUE,FALSE,FALSE,FALSE,FALSE,70,5,6.83333333,34.16666665,100,3,50,50,0,47.08333333,47.08333333,Tier 3: Moderate Potential,1,1950,TRUE,Moderate,33
0822 01  0049_FAIRFAX_VA_173B2F10-D0C2-4826-8418-EF8983F68FE9,0822 01  0049,All Saints Sharon Chapel,All Saints Sharon Chapel (Alexandria),28,55,63,NA,NA,82541,NA,NA,966000,219867.76069465466,4.39355,NA,R-2,RESIDENTIAL,RESIDENTIAL,0,0,NA,X,VERY LOW,FALSE,FALSE,FALSE,1,1,NA,NA,NA,NA,11,5,FALSE,FALSE,TRUE,FALSE,FALSE,FALSE,"3421 FRANCONIA RD, ALEXANDRIA 22310",ALEXANDRIA,FAIRFAX,VA,22310,38.791945,-77.090651,all saints sharon chapel,alexandria,NA,NA,NA,NA,NA,NA,NA,NA,NA,NA,NA,NA,NA,4.39355,966000,"3421 FRANCONIA RD, ALEXANDRIA 22310",ALEXANDRIA,FAIRFAX,All Saints Sharon Chapel,28,82541,55,TRUE,TRUE,FALSE,FALSE,FALSE,FALSE,100,5,11,55,30,1,50,50,0,46.75,46.75,Tier 3: Moderate Potential,1,1950,TRUE,High,34
16A4(4)BKD-5&(A)25_RICHMOND_VA_7E314175-A672-4869-B3C3-DF3A23D18943,16A4(4)BKD-5&(A)25,St Johns Church,St Johns Church (Warsaw),29,34,26,NA,NA,58818,NA,NA,195200,87081.82211574924,2.24157,NA,C-1,LIMITED COMMERCIAL,COMMERCIAL,0,1,NA,X,RELATIVELY HIGH,FALSE,FALSE,FALSE,1,1,NA,NA,NA,NA,7.5,5,FALSE,FALSE,TRUE,FALSE,FALSE,FALSE,"5987 RICHMOND RD, WARSAW 22572",WARSAW,RICHMOND,VA,22572,37.957876,-76.755236,st johns church,warsaw,NA,NA,NA,NA,NA,NA,NA,NA,NA,NA,NA,NA,NA,2.24157,195200,"5987 RICHMOND RD, WARSAW 22572",WARSAW,RICHMOND,St Johns Church,29,58818,34,TRUE,TRUE,FALSE,FALSE,FALSE,FALSE,100,5,7.5,37.5,30,1,70,50,0,45.25,45.25,Tier 3: Moderate Potential,1,1950,TRUE,High,35
91A1-((A))-167_SHENANDOAH_VA_D4361D10-D14B-48F4-AA9F-76030A67665D,91A1-((A))-167,St Andrews Church,St Andrews Church (Mount Jackson),25,48,25.42857143,30,-16.666666666666664,86196,71480,20.58757694459989,175100,213745.1171875,0.8192,NA,NA,NA,NA,0,1,NA,X,RELATIVELY MODERATE,FALSE,FALSE,FALSE,1,NA,NA,NA,NA,NA,7.16666667,4,FALSE,FALSE,TRUE,FALSE,FALSE,TRUE,"5904 MAIN ST, MOUNT JACKSON 22842",MOUNT JACKSON,SHENANDOAH,VA,22842,38.747601,-78.641317,st andrews church,mount jackson,NA,NA,NA,NA,NA,NA,NA,NA,NA,NA,NA,NA,NA,0.8192,175100,"5904 MAIN ST, MOUNT JACKSON 22842",MOUNT JACKSON,SHENANDOAH,St Andrews Church,25,86196,48,TRUE,FALSE,FALSE,FALSE,FALSE,FALSE,70,30,7.16666667,35.83333335,30,1,70,50,0,45.16666667,45.16666667,Tier 3: Moderate Potential,1,1950,TRUE,Moderate,36
0824 01  0040_FAIRFAX_VA_29D2DD9D-6F47-45AD-8286-85411128AF45,0824 01  0040,All Saints Sharon Chapel,All Saints Sharon Chapel (Alexandria),28,55,63,NA,NA,82541,NA,NA,43000,25777.367471360147,1.66813,NA,R-2,RESIDENTIAL,RESIDENTIAL,0,0,NA,X,VERY LOW,FALSE,FALSE,FALSE,1,1,NA,NA,NA,NA,11,5,FALSE,FALSE,TRUE,FALSE,FALSE,FALSE,"3421 FRANCONIA RD, ALEXANDRIA 22310",ALEXANDRIA,FAIRFAX,VA,22310,38.791273,-77.091599,all saints sharon chapel,alexandria,NA,NA,NA,NA,NA,NA,NA,NA,NA,NA,NA,NA,NA,1.66813,43000,"3421 FRANCONIA RD, ALEXANDRIA 22310",ALEXANDRIA,FAIRFAX,All Saints Sharon Chapel,28,82541,55,TRUE,TRUE,FALSE,FALSE,FALSE,FALSE,90,5,11,55,30,1,50,50,0,44.75,44.75,Tier 4: Limited Potential,1,1950,TRUE,High,37
26 A 75_CLARKE_VA_95EB6542-80AC-4D9F-ADA8-6CA8285CD7CD,26 A 75,Church of the Good Shepherd,Church of the Good Shepherd (Bluemont),18,30,15.55555556,NA,NA,49101,NA,NA,100000,90589.55683588797,1.10388,NA,FOC,FORESTAL/OPEN SPACE/CONSERVATION,NA,0,0,NA,X,VERY LOW,FALSE,FALSE,FALSE,1,NA,NA,NA,NA,NA,3.66666667,5,FALSE,FALSE,TRUE,FALSE,FALSE,FALSE,"27 GOOD SHEPHERD RD, BLUEMONT 20135",BLUEMONT,CLARKE,VA,20135,39.116845,-77.85932000000001,church of the good shepherd,bluemont,NA,NA,NA,NA,NA,NA,NA,NA,NA,NA,NA,NA,NA,1.10388,100000,"27 GOOD SHEPHERD RD, BLUEMONT 20135",BLUEMONT,CLARKE,Church of the Good Shepherd,18,49101,30,TRUE,FALSE,FALSE,FALSE,FALSE,FALSE,90,30,3.66666667,18.33333335,30,1,50,50,0,43.66666667,43.66666667,Tier 4: Limited Potential,1,1950,TRUE,Moderate,38
24B 4 20_KING-GEORGE_VA_2C927B36-CEB1-41A6-901F-FE7285DB4F2E,24B 4 20,St Johns Church,St Johns Church (King George),24,42,31.1,38,-36.84210526315789,72604,68741,5.619644753495003,NA,NA,0.69205,NA,C2,GENERAL TRADE DISTRICT,COMMERCIAL,0,0,NA,X,RELATIVELY MODERATE,FALSE,FALSE,FALSE,1,NA,NA,NA,NA,NA,7.33333333,4,TRUE,FALSE,TRUE,FALSE,FALSE,FALSE,"9403 KINGS HWY, KING GEORGE 22485",KING GEORGE,KING-GEORGE,VA,22485,38.267347,-77.181672,st johns church,king george,NA,NA,NA,NA,NA,NA,NA,NA,NA,NA,NA,NA,NA,0.69205,NA,"9403 KINGS HWY, KING GEORGE 22485",KING GEORGE,KING-GEORGE,St Johns Church,24,72604,42,TRUE,FALSE,FALSE,FALSE,FALSE,FALSE,70,30,7.33333333,36.66666665,30,1,50,50,0,43.33333333,43.33333333,Tier 4: Limited Potential,1,1950,TRUE,Moderate,39
14        4A_CULPEPER_VA_5CFE5159-ADF6-4667-AD8E-67AEBA2A6FEE,14        4A,Little Fork Episcopal Church,Little Fork Episcopal Church (Rixeyville),25,63,34.11111111,40,-37.5,90314,86396,4.534932172785777,NA,NA,0.91054,NA,A1,AGRICULTURAL,AGRICULTURE,0,0,NA,X,RELATIVELY LOW,FALSE,FALSE,FALSE,1,NA,NA,NA,NA,NA,5.66666667,4,TRUE,FALSE,TRUE,FALSE,FALSE,FALSE,"OAK SHADE RD, RIXEYVILLE 22737",RIXEYVILLE,CULPEPER,VA,22737,38.598969,-77.95523,little fork episcopal church,rixeyville,NA,NA,NA,NA,NA,NA,NA,NA,NA,NA,NA,NA,NA,0.91054,NA,"OAK SHADE RD, RIXEYVILLE 22737",RIXEYVILLE,CULPEPER,Little Fork Episcopal Church,25,90314,63,TRUE,FALSE,FALSE,FALSE,FALSE,FALSE,70,30,5.66666667,28.333333349999997,30,1,50,50,0,41.66666667,41.66666667,Tier 4: Limited Potential,1,1950,TRUE,Moderate,40
08400000006100_ALBEMARLE_VA_22C6BDBD-5035-45D4-B90C-89D850853590,08400000006100,Holy Cross Church,Holy Cross Church (Afton),28,36,37.22222222,NA,NA,61900,NA,NA,136000,57572.47358439447,2.36224,NA,RA,RURAL AREAS,RESIDENTIAL,0,0,NA,X,RELATIVELY LOW,FALSE,FALSE,FALSE,1,1,NA,NA,NA,NA,5.83333333,5,FALSE,FALSE,TRUE,FALSE,FALSE,FALSE,"2523 CRAIGS STORE RD, AFTON 22920",AFTON,ALBEMARLE,VA,22920,37.965883,-78.769216,holy cross church,afton,NA,NA,NA,NA,NA,NA,NA,NA,NA,NA,NA,NA,NA,2.36224,136000,"2523 CRAIGS STORE RD, AFTON 22920",AFTON,ALBEMARLE,Holy Cross Church,28,61900,36,TRUE,TRUE,FALSE,FALSE,FALSE,FALSE,100,5,5.83333333,29.166666650000003,30,1,50,50,0,41.58333333,41.58333333,Tier 4: Limited Potential,1,1950,TRUE,High,41
7944_ESSEX_VA_6C247691-912D-4202-B2AF-5F2C317AD051,7944,Vauters Church,Vauters Church (Loretto),19,85,21.83333333,30,-36.666666666666664,92692,56230,64.84438911613017,64000,25559.922042237773,2.50392,NA,A-1,NA,NA,0,1,NA,X,RELATIVELY HIGH,FALSE,FALSE,FALSE,1,1,NA,NA,NA,NA,3.5,5,FALSE,FALSE,TRUE,FALSE,FALSE,FALSE,"3661 TIDEWATER TRL, LORETTO 22509",LORETTO,ESSEX,VA,22509,38.087171,-77.068851,vauters church,loretto,NA,NA,NA,NA,NA,NA,NA,NA,NA,NA,NA,NA,NA,2.50392,64000,"3661 TIDEWATER TRL, LORETTO 22509",LORETTO,ESSEX,Vauters Church,19,92692,85,TRUE,TRUE,FALSE,FALSE,FALSE,FALSE,100,5,3.5,17.5,30,1,70,50,0,41.25,41.25,Tier 4: Limited Potential,1,1950,TRUE,High,42
13A-1-C-1_CAROLINE_VA_1B464984-65AD-4496-940B-108670E7CFBE,13A-1-C-1,St Peters Church,St Peters Church (Port Royal),22,35,33.6,38,-42.10526315789473,102387,95764,6.915960068501733,80000,141011.40429732256,0.56733,NA,RP,NA,NA,0,0,NA,X,RELATIVELY LOW,FALSE,FALSE,FALSE,1,NA,NA,NA,NA,1,4.33333333,5,FALSE,FALSE,TRUE,FALSE,FALSE,FALSE,"823 WATER ST, PORT ROYAL 22535",PORT ROYAL,CAROLINE,VA,22535,38.171476,-77.188801,st peters church,port royal,NA,NA,NA,NA,NA,NA,NA,NA,NA,NA,NA,NA,NA,0.56733,80000,"823 WATER ST, PORT ROYAL 22535",PORT ROYAL,CAROLINE,St Peters Church,22,102387,35,TRUE,FALSE,FALSE,FALSE,FALSE,TRUE,70,30,4.33333333,21.666666650000003,30,1,50,50,0,40.33333333,40.33333333,Tier 4: Limited Potential,1,1950,TRUE,Moderate,43
33       30_CULPEPER_VA_21375890-D15C-44E5-BFDE-0DD98602179A,33       30,Christ Church,Christ Church (Brandy Station),24,41,24.8,NA,NA,38728,NA,NA,NA,NA,0.90241,NA,CS,COMMERCIAL SERVICES DISTRICT,COMMERCIAL,0,0,NA,X,RELATIVELY MODERATE,FALSE,FALSE,FALSE,1,NA,NA,NA,NA,NA,4.33333333,4,TRUE,FALSE,TRUE,FALSE,FALSE,FALSE,"14586 ALANTHUS RD, BRANDY STATION 22714",BRANDY STATION,CULPEPER,VA,22714,38.502502,-77.894417,christ church,brandy station,NA,NA,NA,NA,NA,NA,NA,NA,NA,NA,NA,NA,NA,0.90241,NA,"14586 ALANTHUS RD, BRANDY STATION 22714",BRANDY STATION,CULPEPER,Christ Church,24,38728,41,TRUE,FALSE,FALSE,FALSE,FALSE,FALSE,70,30,4.33333333,21.666666650000003,30,1,50,50,0,40.33333333,40.33333333,Tier 4: Limited Potential,1,1950,TRUE,Moderate,44
32-138_RICHMOND_VA_F78A2711-D2D4-4D26-9703-7AD14AB629EB,32-138,North Farnham Parish Church,North Farnham Parish Church (Farnham),29,35,21.875,NA,NA,46355,NA,NA,20829,25632.852976285703,0.81259,NA,R-1,NA,NA,0,1,NA,X,RELATIVELY MODERATE,FALSE,FALSE,FALSE,1,NA,NA,NA,NA,NA,2,5,FALSE,FALSE,TRUE,FALSE,FALSE,FALSE,"231 NORTH FARNHAM CHURCH RD, FARNHAM 22460",FARNHAM,RICHMOND,VA,22460,37.885964,-76.62528200000001,north farnham parish church,farnham,NA,NA,NA,NA,NA,NA,NA,NA,NA,NA,NA,NA,NA,0.81259,20829,"231 NORTH FARNHAM CHURCH RD, FARNHAM 22460",FARNHAM,RICHMOND,North Farnham Parish Church,29,46355,35,TRUE,FALSE,FALSE,FALSE,FALSE,FALSE,70,30,2,10,30,1,70,50,0,40,40,Tier 4: Limited Potential,1,1950,TRUE,Moderate,45
54A-1-44_FLUVANNA_VA_0C26B0AB-2EF6-46FA-8B18-FE15CC96AE11,54A-1-44,St Johns Church,St Johns Church (Columbia),18,22,17.666666669999998,21,-14.285714285714285,25987,29213,-11.043028788553041,30000,37547.403597041266,0.79899,NA,R-4,NA,NA,0,0,NA,X,RELATIVELY LOW,FALSE,FALSE,FALSE,1,1,NA,NA,NA,NA,3,5,FALSE,FALSE,TRUE,FALSE,FALSE,FALSE,"43 WASHINGTON ST, COLUMBIA 23038",COLUMBIA,FLUVANNA,VA,23038,37.753809,-78.162264,st johns church,columbia,NA,NA,NA,NA,NA,NA,NA,NA,NA,NA,NA,NA,NA,0.79899,30000,"43 WASHINGTON ST, COLUMBIA 23038",COLUMBIA,FLUVANNA,St Johns Church,18,25987,22,TRUE,TRUE,FALSE,FALSE,FALSE,FALSE,70,5,3,15,70,2,50,50,0,38.75,38.75,Tier 4: Limited Potential,1,1950,TRUE,Moderate,46
13A-1-C-3_CAROLINE_VA_D13F3109-3264-4E76-A250-0276A9E78AFD,13A-1-C-3,St Peters Church,St Peters Church (Port Royal),22,35,33.6,38,-42.10526315789473,102387,95764,6.915960068501733,80000,138226.55332089294,0.57876,NA,RP,NA,NA,0,0,NA,X,RELATIVELY LOW,FALSE,FALSE,FALSE,1,1,NA,NA,NA,NA,4.33333333,5,FALSE,FALSE,TRUE,FALSE,FALSE,FALSE,"823 WATER ST, PORT ROYAL 22535",PORT ROYAL,CAROLINE,VA,22535,38.171133000000005,-77.189154,st peters church,port royal,NA,NA,NA,NA,NA,NA,NA,NA,NA,NA,NA,NA,NA,0.57876,80000,"823 WATER ST, PORT ROYAL 22535",PORT ROYAL,CAROLINE,St Peters Church,22,102387,35,TRUE,TRUE,FALSE,FALSE,FALSE,FALSE,70,5,4.33333333,21.666666650000003,30,1,50,50,0,34.08333333,34.08333333,Tier 4: Limited Potential,1,1950,TRUE,Moderate,47
