uid,pid,congregation_name,attendance_2023,members_2023,attendance_avg,attendance_2014,pct_change_attendance,plate_pledge_2023,plate_pledge_2014,pct_change_pledge,lan_val,land_value_per_acre,rgisacre,deed_acres,zon,zon_desc,zon_type,qct,dda,wet_perc,fema_fz,fema_nri,has_environmental_constraint,developable,development_potential,data_completeness,missing_land_value,missing_acreage,missing_wetland,missing_flood,missing_qct,missing_zoning,sadd,scity,scounty,sstate,szip,lat,lon,walk_idx,church,parking,open_space,cemetery,school,residence
21        49A_STAFFORD_VA_61CFC02E-5833-410F-9BAF-033C39B097F2,21        49A,Aquia Church,0,1136,179,210,-100,0,415170,-100,2339700,74550.70273046689,31.38401,NA,R1,SUBURBAN RESIDENTIAL,RESIDENTIAL,0,0,0.45484322,X,RELATIVELY LOW,FALSE,TRUE,High Potential,6,FALSE,FALSE,FALSE,FALSE,FALSE,FALSE,AQUIA HARBOUR 22554,AQUIA HARBOUR,STAFFORD,VA,22554,38.464089,-77.400849,6.83333333,NA,NA,1,1,NA,NA
7923-01-4597-000_FAUQUIER_VA_F3954A28-120A-4CF7-9D51-95A7258ACF4B,7923-01-4597-000,St Stephens Church,23,87,34,46,-50,101136,142223,-28.88913888752171,136400,57743.515496344466,2.36217,NA,RA,RURAL AGRICULTURAL,AGRICULTURE,0,0,0.32121708,X,VERY LOW,FALSE,TRUE,High Potential,6,FALSE,FALSE,FALSE,FALSE,FALSE,FALSE,"8695 OLD DUMFRIES RD, CATLETT 20119",CATLETT,FAUQUIER,VA,20119,38.679517,-77.667521,5.66666667,1,NA,NA,NA,NA,NA
54    A   128A_FREDERICK_VA_583F9731-E991-494D-A991-AE438931B90D,54    A   128A,St Pauls on the Hill Church,0,60,57.571428569999995,NA,NA,0,111158,-100,133600,79962.6521744335,1.67078,NA,RP,RESIDENTIAL PERFORMANCE DISTRICT,RESIDENTIAL,0,0,9.10426623,X,RELATIVELY LOW,FALSE,TRUE,High Potential,6,FALSE,FALSE,FALSE,FALSE,FALSE,FALSE,WINCHESTER 22602,WINCHESTER,FREDERICK,VA,22602,39.170147,-78.134878,6,NA,NA,1,NA,NA,NA
7923-02-3175-000_FAUQUIER_VA_15CCD251-919D-4CDE-884C-6D2FDF6CEA88,7923-02-3175-000,St Stephens Church,23,87,34,46,-50,101136,142223,-28.88913888752171,35900,4117.638287842415,8.71859,NA,RA,RURAL AGRICULTURAL,AGRICULTURE,0,0,2.50894955,X,VERY LOW,FALSE,TRUE,Moderate Potential,6,FALSE,FALSE,FALSE,FALSE,FALSE,FALSE,UNASSIGNED 20119,UNASSIGNED,FAUQUIER,VA,20119,38.681191,-77.668450000000007,5.66666667,NA,NA,1,NA,NA,NA
88   A       34_PAGE_VA_95E37FCC-2BB7-4F1A-9A3B-D52CB233E978,88   A       34,St Pauls Church,9,16,13,22,-59.09090909090909,1234,6389,-80.68555329472531,30000,59348.35506142555,0.50549,NA,A-1,AGRICULTURE,AGRICULTURE,0,0,22.80371381,X,RELATIVELY LOW,TRUE,FALSE,Low Potential - Constraints,6,FALSE,FALSE,FALSE,FALSE,FALSE,FALSE,"3075 COMERTOWN RD, SHENANDOAH 22849",SHENANDOAH,PAGE,VA,22849,38.520194,-78.58212,1.5,1,NA,NA,NA,NA,NA
57 2 02    157_FAIRFAX-CITY_VA_0B8EA8B1-9FF8-472E-B3C8-AF25DAADE549,57 2 02    157,Holy Cross Korean Episcopal Church,25,34,26.11111111,33,-24.242424242424242,57025,40169,41.96270756055665,3567300,867873.8513863649,4.11039,NA,RM,RESIDENTIAL MEDIUM,RESIDENTIAL,0,0,NA,AREA NOT INCLUDED,RELATIVELY LOW,FALSE,TRUE,High Potential,5,FALSE,FALSE,TRUE,FALSE,FALSE,FALSE,"10520 MAIN ST, FAIRFAX 22030",FAIRFAX,FAIRFAX-CITY,VA,22030,38.847782,-77.308781,16.333333330000002,1,NA,NA,NA,NA,NA
57 2 02    162A1_FAIRFAX-CITY_VA_DA54251D-0208-4776-8AA7-DB2DA2FF2AA6,57 2 02    162A1,Holy Cross Korean Episcopal Church,25,34,26.11111111,33,-24.242424242424242,57025,40169,41.96270756055665,2543600,738911.6768728431,3.44236,NA,RM,RESIDENTIAL MEDIUM,RESIDENTIAL,0,0,NA,AREA NOT INCLUDED,RELATIVELY LOW,FALSE,TRUE,High Potential,5,FALSE,FALSE,TRUE,FALSE,FALSE,FALSE,"1 TRURO LN, FAIRFAX 22030",FAIRFAX,FAIRFAX-CITY,VA,22030,38.848510000000005,-77.307479,16.333333330000002,NA,NA,1,NA,NA,NA
0601 01  0079_FAIRFAX_VA_D6797F8D-48D4-4EB4-81C8-DD50F2C41EBD,0601 01  0079,St Patricks Anglo Vietnamese Church,21,53,30.625,50,-57.99999999999999,45398,101411,-55.233653153997096,1197000,212062.21200197714,5.64457,NA,R-4,RESIDENTIAL 4 DWELLING UNIT PER ACRE,RESIDENTIAL,0,0,NA,X,RELATIVELY LOW,FALSE,TRUE,High Potential,5,FALSE,FALSE,TRUE,FALSE,FALSE,FALSE,"3241 BRUSH DR, FALLS CHURCH 22042",FALLS CHURCH,FAIRFAX,VA,22042,38.858129,-77.189364,13,1,NA,NA,NA,NA,NA
0601 21      A_FAIRFAX_VA_53E20510-8D12-4C10-A375-B0275D9852CD,0601 21      A,St Patricks Anglo Vietnamese Church,21,53,30.625,50,-57.99999999999999,45398,101411,-55.233653153997096,983000,375187.97566430795,2.62002,NA,R-4,RESIDENTIAL 4 DWELLING UNIT PER ACRE,RESIDENTIAL,0,0,NA,X,RELATIVELY LOW,FALSE,TRUE,High Potential,5,FALSE,FALSE,TRUE,FALSE,FALSE,FALSE,WEST FALLS CHURCH 22042,WEST FALLS CHURCH,FAIRFAX,VA,22042,38.858092,-77.190233,13,1,NA,1,NA,NA,NA
0822 01  0049_FAIRFAX_VA_173B2F10-D0C2-4826-8418-EF8983F68FE9,0822 01  0049,All Saints Sharon Chapel,28,55,63,NA,NA,82541,NA,NA,966000,219867.76069465466,4.39355,NA,R-2,RESIDENTIAL,RESIDENTIAL,0,0,NA,X,VERY LOW,FALSE,TRUE,High Potential,5,FALSE,FALSE,TRUE,FALSE,FALSE,FALSE,"3421 FRANCONIA RD, ALEXANDRIA 22310",ALEXANDRIA,FAIRFAX,VA,22310,38.791945,-77.090651,11,1,NA,NA,1,NA,NA
489452448000_LOUDOUN_VA_E67769F6-56A1-45B1-AF52-C6D7089AB7E0,489452448000,St Peters Church,0,166,149,189,-100,0,454917,-100,791900,392324.9177598986,2.01848,NA,IP,INSTITUTIONAL AND PUBLIC USE,SPECIAL,0,0,NA,X,VERY LOW,FALSE,TRUE,High Potential,5,FALSE,FALSE,TRUE,FALSE,FALSE,FALSE,"37018 GLENDALE ST, PURCELLVILLE 20132",PURCELLVILLE,LOUDOUN,VA,20132,39.129139,-77.723605,8.5,1,NA,NA,NA,NA,NA
21        48_STAFFORD_VA_32224EF4-6C97-4D4D-A218-E93E40E162FF,21        48,Aquia Church,0,1136,179,210,-100,0,415170,-100,779000,95624.47446433723,8.14645,NA,R1,SUBURBAN RESIDENTIAL,RESIDENTIAL,0,0,NA,X,RELATIVELY LOW,FALSE,TRUE,High Potential,5,FALSE,FALSE,TRUE,FALSE,FALSE,FALSE,"2918 RICHMOND HWY, STAFFORD 22554",STAFFORD,STAFFORD,VA,22554,38.464505,-77.403655,6.83333333,1,NA,NA,1,NA,NA
0612 17B 0012_FAIRFAX_VA_B70973D8-0DC3-4CA4-BE47-93609C976B92,0612 17B 0012,St Pauls Church,0,61,20.5,NA,NA,0,NA,NA,514000,229386.45816597942,2.24076,NA,R-3,RESIDENTIAL 3 DWELLING UNIT PER ACRE,RESIDENTIAL,1,0,NA,X,RELATIVELY LOW,FALSE,TRUE,High Potential,5,FALSE,FALSE,TRUE,FALSE,FALSE,FALSE,"3439 PAYNE ST, FALLS CHURCH 22041",FALLS CHURCH,FAIRFAX,VA,22041,38.850124,-77.134139,18.33333333,1,NA,NA,NA,NA,NA
740-741-6175_HENRICO_VA_8876A6E9-FF77-4942-821B-127A13028644,740-741-6175,St Bartholomews Episcopal Church,0,118,37.75,NA,NA,0,NA,NA,501000,98603.80165874818,5.08094,NA,R-1,ONE FAMILY RESIDENCE,RESIDENTIAL,0,0,NA,X,VERY LOW,FALSE,TRUE,High Potential,5,FALSE,FALSE,TRUE,FALSE,FALSE,FALSE,"10627 PATTERSON AVE, HENRICO 23238",HENRICO,HENRICO,VA,23238,37.596048999999994,-77.61049,8.33333333,1,NA,NA,NA,NA,NA
N0170498039_RICHMOND-CITY_VA_C5D2D971-154B-4182-B40B-6D3EBD9C71DE,N0170498039,Christ Ascension Church,18,49,33.11111111,42,-57.14285714285714,29472,96270,-69.38610158928014,414000,281246.1787203978,1.47202,NA,R-4,SINGLE FAMILY RESIDENTIAL DISTRICT,RESIDENTIAL,0,0,NA,X,VERY LOW,FALSE,TRUE,High Potential,5,FALSE,FALSE,TRUE,FALSE,FALSE,FALSE,"1704 WEST LABURNUM AVE, RICHMOND 23227",RICHMOND,RICHMOND-CITY,VA,23227,37.584563,-77.46406,12.33333333,1,NA,NA,NA,NA,NA
07300000002000_ALBEMARLE_VA_BD07F8FB-8DA8-424F-80F3-403C97A58369,07300000002000,St John the Baptist Church,18,44,22.1,33,-45.45454545454545,34703,46377,-25.171960238911527,378100,53271.52840396754,7.0976,NA,RA,RURAL AREAS,RESIDENTIAL,0,0,NA,X,RELATIVELY LOW,FALSE,TRUE,High Potential,5,FALSE,FALSE,TRUE,FALSE,FALSE,FALSE,"4712 DICK WOODS RD, CHARLOTTESVILLE 22903",CHARLOTTESVILLE,ALBEMARLE,VA,22903,38.017806,-78.65767600000001,5.83333333,1,NA,NA,1,NA,NA
361462861000_LOUDOUN_VA_4CBE052C-609E-415B-926B-57BA2E1C8E0A,361462861000,Church of Our Redeemer,19,28,49.88888889,90,-78.88888888888889,53675,169589,-68.34995194263779,284100,250947.34610594378,1.13211,NA,A3,AGRICULTURAL RESIDENTIAL,MIXED,0,0,NA,X,VERY LOW,FALSE,TRUE,High Potential,5,FALSE,FALSE,TRUE,FALSE,FALSE,FALSE,"39518 LITTLE RIVER TPKE, ALDIE 20105",ALDIE,LOUDOUN,VA,20105,38.975221,-77.636971,7,1,NA,NA,NA,NA,NA
7901-78-6904-000_FAUQUIER_VA_2AAB270D-C1AF-4548-922D-721A45F18A4F,7901-78-6904-000,Grace Church Emmanuel Parish,14,38,19.85714286,29,-51.724137931034484,72564,88651,-18.14643940846691,217100,26043.416090056715,8.33608,NA,RA,RURAL AGRICULTURAL,AGRICULTURE,0,0,NA,X,VERY LOW,FALSE,TRUE,High Potential,5,FALSE,FALSE,TRUE,FALSE,FALSE,FALSE,"5092 GRACE CHURCH LN, MIDLAND 22728",MIDLAND,FAUQUIER,VA,22728,38.645217,-77.713171,5.66666667,1,NA,NA,NA,NA,NA
54    A   128_FREDERICK_VA_4168E0E3-CEFC-4515-8F75-B011FAE6E4AB,54    A   128,St Pauls on the Hill Church,0,60,57.571428569999995,NA,NA,0,111158,-100,208900,65336.99062012279,3.19727,NA,RP,RESIDENTIAL PERFORMANCE DISTRICT,RESIDENTIAL,0,0,NA,X,RELATIVELY LOW,FALSE,TRUE,High Potential,5,FALSE,FALSE,TRUE,FALSE,FALSE,FALSE,"1527 SENSENY RD, WINCHESTER 22602",WINCHESTER,FREDERICK,VA,22602,39.169944,-78.134498,6,NA,1,1,NA,NA,NA
16A4(4)BKD-5&(A)25_RICHMOND_VA_7E314175-A672-4869-B3C3-DF3A23D18943,16A4(4)BKD-5&(A)25,St Johns Church,29,34,26,NA,NA,58818,NA,NA,195200,87081.82211574924,2.24157,NA,C-1,LIMITED COMMERCIAL,COMMERCIAL,0,1,NA,X,RELATIVELY HIGH,FALSE,TRUE,High Potential,5,FALSE,FALSE,TRUE,FALSE,FALSE,FALSE,"5987 RICHMOND RD, WARSAW 22572",WARSAW,RICHMOND,VA,22572,37.957876,-76.755236,7.5,1,NA,NA,1,NA,NA
7901-78-0662-000_FAUQUIER_VA_0FEC947C-D547-4B45-8CB9-848C7F62BC8A,7901-78-0662-000,Grace Church Emmanuel Parish,14,38,19.85714286,29,-51.724137931034484,72564,88651,-18.14643940846691,172900,47365.58064613336,3.65033,NA,RA,RURAL AGRICULTURAL,AGRICULTURE,0,0,NA,X,VERY LOW,FALSE,TRUE,High Potential,5,FALSE,FALSE,TRUE,FALSE,FALSE,FALSE,"5096 GRACE CHURCH LN, MIDLAND 22728",MIDLAND,FAUQUIER,VA,22728,38.644301,-77.715401,5.66666667,1,NA,NA,NA,NA,NA
7901-79-2032-000_FAUQUIER_VA_C7E3348B-50ED-4E93-BE63-B6FDA6322157,7901-79-2032-000,Grace Church Emmanuel Parish,14,38,19.85714286,29,-51.724137931034484,72564,88651,-18.14643940846691,146900,53306.3354343795,2.75577,NA,RA,RURAL AGRICULTURAL,AGRICULTURE,0,0,NA,X,VERY LOW,FALSE,TRUE,High Potential,5,FALSE,FALSE,TRUE,FALSE,FALSE,FALSE,"5094 GRACE CHURCH LN, MIDLAND 22728",MIDLAND,FAUQUIER,VA,22728,38.645381,-77.714623,5.66666667,1,NA,NA,NA,NA,NA
08400000006100_ALBEMARLE_VA_22C6BDBD-5035-45D4-B90C-89D850853590,08400000006100,Holy Cross Church,28,36,37.22222222,NA,NA,61900,NA,NA,136000,57572.47358439447,2.36224,NA,RA,RURAL AREAS,RESIDENTIAL,0,0,NA,X,RELATIVELY LOW,FALSE,TRUE,High Potential,5,FALSE,FALSE,TRUE,FALSE,FALSE,FALSE,"2523 CRAIGS STORE RD, AFTON 22920",AFTON,ALBEMARLE,VA,22920,37.965883,-78.769216,5.83333333,1,NA,NA,1,NA,NA
28A A 64_CLARKE_VA_1CA27DE9-CBA7-47A8-854C-F711B1D8F0EE,28A A 64,Meade Memorial Church,0,36,NA,NA,NA,0,NA,NA,125000,76466.16219390594,1.63471,NA,RR,RURAL RESIDENTIAL,NA,0,0,NA,X,RELATIVELY LOW,FALSE,TRUE,High Potential,5,FALSE,FALSE,TRUE,FALSE,FALSE,FALSE,"WHITE POST RD,  22663",NA,CLARKE,VA,22663,39.058118,-78.103692,6.83333333,1,NA,NA,1,NA,NA
007000000002A0_ALBEMARLE_VA_67DD57C8-B7DD-4663-AD14-C9327886B070,007000000002A0,Good Shepherd-of-the-Hills,0,16,10.42857143,11,-100,0,4058,-100,117600,37747.84057315089,3.11541,NA,RA,RURAL AREAS,RESIDENTIAL,0,0,NA,X,RELATIVELY LOW,FALSE,TRUE,High Potential,5,FALSE,FALSE,TRUE,FALSE,FALSE,FALSE,"7420 MISSION HOME RD, FREE UNION 22940",FREE UNION,ALBEMARLE,VA,22940,38.239992,-78.61708,6.16666667,1,NA,NA,NA,NA,NA
7923-02-3175-800_FAUQUIER_VA_FF7A2727-2B32-4769-9D89-47866406D682,7923-02-3175-800,St Stephens Church,23,87,34,46,-50,101136,142223,-28.88913888752171,115000,113351.86389890985,1.01454,NA,RA,RURAL AGRICULTURAL,AGRICULTURE,0,0,NA,X,VERY LOW,FALSE,TRUE,High Potential,5,FALSE,FALSE,TRUE,FALSE,FALSE,FALSE,UNASSIGNED 20119,UNASSIGNED,FAUQUIER,VA,20119,38.680599,-77.66720699999999,5.66666667,1,NA,NA,NA,NA,NA
26 A 75_CLARKE_VA_95EB6542-80AC-4D9F-ADA8-6CA8285CD7CD,26 A 75,Church of the Good Shepherd,18,30,15.55555556,NA,NA,49101,NA,NA,100000,90589.55683588797,1.10388,NA,FOC,FORESTAL/OPEN SPACE/CONSERVATION,NA,0,0,NA,X,VERY LOW,FALSE,TRUE,High Potential,5,FALSE,FALSE,TRUE,FALSE,FALSE,FALSE,"27 GOOD SHEPHERD RD, BLUEMONT 20135",BLUEMONT,CLARKE,VA,20135,39.116845,-77.85932000000001,3.66666667,1,NA,NA,NA,NA,NA
8800-95-4566_HANOVER_VA_8BEA0C32-D022-471A-ADF0-73145B9BF175,8800-95-4566,Calvary Episcopal Church,23,98,28.11111111,29,-20.689655172413794,42469,44016,-3.514631043256997,83300,57405.12304543481,1.45109,NA,A-1,AGRICULTURAL,AGRICULTURE,0,0,NA,X,RELATIVELY LOW,FALSE,TRUE,Moderate Potential,5,FALSE,FALSE,TRUE,FALSE,FALSE,FALSE,"13312 HANOVER COURTHOUSE RD, HANOVER 23069",HANOVER,HANOVER,VA,23069,37.769148,-77.37028,4.83333333,1,NA,NA,NA,NA,NA
21        48F_STAFFORD_VA_DF95C4BF-280E-463C-8A8D-C4A38EBC8F58,21        48F,Aquia Church,0,1136,179,210,-100,0,415170,-100,73200,49983.27062663453,1.46449,NA,R1,SUBURBAN RESIDENTIAL,RESIDENTIAL,0,0,NA,X,RELATIVELY LOW,FALSE,TRUE,Moderate Potential,5,FALSE,FALSE,TRUE,FALSE,FALSE,FALSE,"2948 RICHMOND HWY, STAFFORD 22554",STAFFORD,STAFFORD,VA,22554,38.465114,-77.403629,6.83333333,1,NA,NA,1,NA,NA
91   A       63_PAGE_VA_85A2625F-B45E-4ED0-82D4-3C4BBAFE103A,91   A       63,St Georges Church,0,7,13.142857139999998,18,-100,0,6382,-100,70000,38209.398420314305,1.83201,NA,W-C,WOODLAND CONSERVATION,SPECIAL,0,0,NA,X,VERY LOW,FALSE,TRUE,Moderate Potential,5,FALSE,FALSE,TRUE,FALSE,FALSE,FALSE,"3392 PINE GROVE RD, STANLEY 22851",STANLEY,PAGE,VA,22851,38.536373999999995,-78.481571,4.5,1,NA,NA,NA,NA,NA
0824 01  0040_FAIRFAX_VA_29D2DD9D-6F47-45AD-8286-85411128AF45,0824 01  0040,All Saints Sharon Chapel,28,55,63,NA,NA,82541,NA,NA,43000,25777.367471360147,1.66813,NA,R-2,RESIDENTIAL,RESIDENTIAL,0,0,NA,X,VERY LOW,FALSE,TRUE,Moderate Potential,5,FALSE,FALSE,TRUE,FALSE,FALSE,FALSE,"3421 FRANCONIA RD, ALEXANDRIA 22310",ALEXANDRIA,FAIRFAX,VA,22310,38.791273,-77.091599,11,1,NA,NA,1,NA,NA
21        48C_STAFFORD_VA_2AC4ADC0-A7E2-4704-971B-978FFE38C0A2,21        48C,Aquia Church,0,1136,179,210,-100,0,415170,-100,100,89.68529430229324,1.11501,NA,R1,SUBURBAN RESIDENTIAL,RESIDENTIAL,0,0,NA,X,RELATIVELY LOW,FALSE,TRUE,Moderate Potential,5,FALSE,FALSE,TRUE,FALSE,FALSE,FALSE,STAFFORD 22554,STAFFORD,STAFFORD,VA,22554,38.463722,-77.40181399999999,6.83333333,1,NA,NA,1,NA,NA
21        48A_STAFFORD_VA_ABCD1881-6AFC-4B93-ACCC-91BFD05E1387,21        48A,Aquia Church,0,1136,179,210,-100,0,415170,-100,100,65.41035184228257,1.52881,NA,R1,SUBURBAN RESIDENTIAL,RESIDENTIAL,0,0,NA,X,RELATIVELY LOW,FALSE,TRUE,Moderate Potential,5,FALSE,FALSE,TRUE,FALSE,FALSE,FALSE,STAFFORD 22554,STAFFORD,STAFFORD,VA,22554,38.463754,-77.402608,6.83333333,NA,NA,1,1,NA,NA
14       11A_CULPEPER_VA_30DFB596-2B7B-4520-80EC-FECFB25FC48F,14       11A,Little Fork Episcopal Church,25,63,34.11111111,40,-37.5,90314,86396,4.534932172785777,NA,NA,16.13005,NA,A1,AGRICULTURAL,AGRICULTURE,0,0,0.04753078,X,RELATIVELY LOW,FALSE,TRUE,Moderate Potential,5,TRUE,FALSE,FALSE,FALSE,FALSE,FALSE,"16471 OAK SHADE RD, RIXEYVILLE 22737",RIXEYVILLE,CULPEPER,VA,22737,38.601057,-77.953831,5.66666667,1,NA,NA,NA,NA,NA
11562500_ALEXANDRIA_VA_8EA51AE0-56EB-47AD-9725-C43E095DE19B,11562500,Meade Memorial Church,15,116,35.666666670000005,NA,NA,122550,NA,NA,2043963,7867750.875707301,0.25979,NA,RB,TOWNHOUSE,RESIDENTIAL,0,1,NA,X,VERY LOW,FALSE,FALSE,Low Potential - Constraints,5,FALSE,FALSE,TRUE,FALSE,FALSE,FALSE,"322 NORTH ALFRED ST, ALEXANDRIA 22314",ALEXANDRIA,ALEXANDRIA,VA,22314,38.80848,-77.048771,16.5,1,NA,NA,NA,NA,NA
57 4 02    078_FAIRFAX-CITY_VA_628A0C1A-51A8-45DA-BDAB-37137E94B3EE,57 4 02    078,Holy Cross Korean Episcopal Church,25,34,26.11111111,33,-24.242424242424242,57025,40169,41.96270756055665,1218800,2012217.2692752187,0.6057,NA,CR,COMMERCIAL RETAIL,COMMERCIAL,0,0,NA,AREA NOT INCLUDED,RELATIVELY LOW,FALSE,FALSE,Low Potential - Constraints,5,FALSE,FALSE,TRUE,FALSE,FALSE,FALSE,"10490 MAIN ST, FAIRFAX 22030",FAIRFAX,FAIRFAX-CITY,VA,22030,38.847148999999995,-77.308304,16.333333330000002,1,1,NA,NA,NA,NA
21033008_ARLINGTON_VA_872FA9B7-B213-4D0A-81C5-12FB7CAAF570,21033008,St Johns Episcopal Church,21,29,33.888888890000004,47,-55.319148936170215,96947,132469,-26.815330379183056,714700,2589398.9348212024,0.27601,NA,R-6,ONE FAMILY DWELLING DISTRICTS,RESIDENTIAL,0,0,NA,X,VERY LOW,FALSE,FALSE,Low Potential - Constraints,5,FALSE,FALSE,TRUE,FALSE,FALSE,FALSE,"5TH ST SOUTH, ARLINGTON 22204",ARLINGTON,ARLINGTON,VA,22204,38.862425,-77.12766,14.66666667,NA,NA,1,NA,NA,NA
0612 27  0024_FAIRFAX_VA_E69FAA6D-C6BE-45F0-8FB1-EB78BDC0ABE2,0612 27  0024,St Pauls Church,0,61,20.5,NA,NA,0,NA,NA,343000,956310.8149552514,0.35867,NA,R-3,RESIDENTIAL 3 DWELLING UNIT PER ACRE,RESIDENTIAL,0,0,NA,X,RELATIVELY LOW,FALSE,FALSE,Low Potential - Constraints,5,FALSE,FALSE,TRUE,FALSE,FALSE,FALSE,"3312 KAYWOOD PL, FALLS CHURCH 22041",FALLS CHURCH,FAIRFAX,VA,22041,38.855778,-77.132276,16.333333330000002,NA,NA,NA,NA,NA,1
21B       23_STAFFORD_VA_153D3713-D5B5-4ECC-833C-F2C4D33EC91F,21B       23,Aquia Church,0,1136,179,210,-100,0,415170,-100,145000,485453.1454015869,0.29869,NA,R1,SUBURBAN RESIDENTIAL,RESIDENTIAL,0,0,NA,X,RELATIVELY LOW,FALSE,FALSE,Low Potential - Constraints,5,FALSE,FALSE,TRUE,FALSE,FALSE,FALSE,"1021 AQUIA DR, STAFFORD 22554",STAFFORD,STAFFORD,VA,22554,38.45983,-77.400157,6.83333333,NA,NA,NA,NA,NA,1
69A1-46-631_KING-WILLIAM_VA_9915CB0D-3B70-465A-AB69-115AA4DFC79E,69A1-46-631,St Johns Episcopal Church,28,121,35.6,42,-33.33333333333333,161514,137497,17.467290195422446,140000,1103578.7482263914,0.12686,NA,B-2,GENERAL BUSINESS,NA,0,0,NA,X,RELATIVELY MODERATE,FALSE,FALSE,Low Potential - Constraints,5,FALSE,FALSE,TRUE,FALSE,FALSE,FALSE,"UNASSIGNED, WEST POINT 23181",WEST POINT,KING-WILLIAM,VA,23181,37.533466,-76.797114,10.83333333,1,NA,NA,NA,NA,NA
69A1-46-625_KING-WILLIAM_VA_187B8D42-5F7B-4656-B4BA-ADD95D25E88A,69A1-46-625,St Johns Episcopal Church,28,121,35.6,42,-33.33333333333333,161514,137497,17.467290195422446,140000,1058841.3250642868,0.13222,NA,B-2,GENERAL BUSINESS,NA,0,0,NA,X,RELATIVELY MODERATE,FALSE,FALSE,Low Potential - Constraints,5,FALSE,FALSE,TRUE,FALSE,FALSE,FALSE,"UNASSIGNED, WEST POINT 23181",WEST POINT,KING-WILLIAM,VA,23181,37.533654,-76.796859,10.83333333,1,1,NA,NA,NA,NA
21        48B_STAFFORD_VA_BB6D1A34-E08D-4A35-A4DC-403DC8BA58D0,21        48B,Aquia Church,0,1136,179,210,-100,0,415170,-100,120000,263724.67144301353,0.45502,NA,R1,SUBURBAN RESIDENTIAL,RESIDENTIAL,0,0,NA,X,RELATIVELY LOW,FALSE,FALSE,Low Potential - Constraints,5,FALSE,FALSE,TRUE,FALSE,FALSE,FALSE,"2928 RICHMOND HWY, STAFFORD 22554",STAFFORD,STAFFORD,VA,22554,38.463835,-77.40344900000001,6.83333333,1,NA,NA,1,NA,NA
7923-01-5833-000_FAUQUIER_VA_8A63D465-8BBF-4BE6-A727-00C8ACC31EAC,7923-01-5833-000,St Stephens Church,23,87,34,46,-50,101136,142223,-28.88913888752171,115000,116217.96426550247,0.98952,NA,RA,RURAL AGRICULTURAL,AGRICULTURE,0,0,NA,X,VERY LOW,FALSE,FALSE,Low Potential - Constraints,5,FALSE,FALSE,TRUE,FALSE,FALSE,FALSE,"8691 OLD DUMFRIES RD, CATLETT 20119",CATLETT,FAUQUIER,VA,20119,38.680175000000006,-77.66763499999999,5.66666667,1,NA,NA,NA,NA,NA
7923-01-7748-000_FAUQUIER_VA_29A20B5E-02A4-4DB3-A9A4-F0FF294C38E6,7923-01-7748-000,St Stephens Church,23,87,34,46,-50,101136,142223,-28.88913888752171,115000,115978.86159183508,0.99156,NA,RA,RURAL AGRICULTURAL,AGRICULTURE,0,0,NA,X,VERY LOW,FALSE,FALSE,Low Potential - Constraints,5,FALSE,FALSE,TRUE,FALSE,FALSE,FALSE,"8693 OLD DUMFRIES RD, CATLETT 20119",CATLETT,FAUQUIER,VA,20119,38.68005,-77.66691399999998,5.66666667,1,NA,NA,NA,NA,NA
N0170498100_RICHMOND-CITY_VA_26642DA6-A257-4742-9703-ED614AC79C5B,N0170498100,Christ Ascension Church,18,49,33.11111111,42,-57.14285714285714,29472,96270,-69.38610158928014,115000,263894.62572857866,0.43578,NA,R-4,SINGLE FAMILY RESIDENTIAL DISTRICT,RESIDENTIAL,0,0,NA,X,VERY LOW,FALSE,FALSE,Low Potential - Constraints,5,FALSE,FALSE,TRUE,FALSE,FALSE,FALSE,"1700 WEST LABURNUM AVE, RICHMOND 23227",RICHMOND,RICHMOND-CITY,VA,23227,37.584448,-77.463003,12.33333333,NA,NA,1,NA,NA,NA
7818-95-8837-000_FAUQUIER_VA_E6DD7AC9-1947-405D-80F2-1B8C2BB518C4,7818-95-8837-000,St Stephens Church,23,87,34,46,-50,101136,142223,-28.88913888752171,75000,156429.2418396079,0.47945,NA,R-1,RESIDENTIAL 1 DWELLING UNITS PER ACRE,RESIDENTIAL,0,0,NA,X,RELATIVELY LOW,FALSE,FALSE,Low Potential - Constraints,5,FALSE,FALSE,TRUE,FALSE,FALSE,FALSE,"12187 ELK RUN RD, MIDLAND 22728",MIDLAND,FAUQUIER,VA,22728,38.554003,-77.671521,6.66666667,1,NA,NA,NA,NA,NA
14A2 A 41_CLARKE_VA_5CCF354F-1F90-4012-8371-69E98B10EEF5,14A2 A 41,St Marys Church,16,14,16.8,24,-33.33333333333333,17536,25192,-30.390600190536677,75000,184997.9033570953,0.40541,NA,R3,RESIDENTIAL,RESIDENTIAL,0,0,NA,X,RELATIVELY MODERATE,FALSE,FALSE,Low Potential - Constraints,5,FALSE,FALSE,TRUE,FALSE,FALSE,FALSE,"110 NORTH BUCKMARSH ST, BERRYVILLE 22611",BERRYVILLE,CLARKE,VA,22611,39.153078,-77.981286,9.16666667,1,NA,NA,NA,NA,NA
14A2 A 42_CLARKE_VA_A507BC7F-8DF1-401F-B7C9-3BB6FC5159C2,14A2 A 42,St Marys Church,16,14,16.8,24,-33.33333333333333,17536,25192,-30.390600190536677,75000,262503.9375590634,0.28571,NA,R3,RESIDENTIAL,RESIDENTIAL,0,0,NA,X,RELATIVELY MODERATE,FALSE,FALSE,Low Potential - Constraints,5,FALSE,FALSE,TRUE,FALSE,FALSE,FALSE,"104 NORTH BUCKMARSH ST, BERRYVILLE 22611",BERRYVILLE,CLARKE,VA,22611,39.152826,-77.981426,9.16666667,1,NA,NA,NA,NA,NA
69A1-46-628_KING-WILLIAM_VA_497C6E6D-9F6B-48F2-9586-54ECE5A0B7E8,69A1-46-628,St Johns Episcopal Church,28,121,35.6,42,-33.33333333333333,161514,137497,17.467290195422446,75000,591996.2112242482,0.12669,NA,B-2,GENERAL BUSINESS,NA,0,0,NA,X,RELATIVELY MODERATE,FALSE,FALSE,Low Potential - Constraints,5,FALSE,FALSE,TRUE,FALSE,FALSE,FALSE,"902 MAIN ST, WEST POINT 23181",WEST POINT,KING-WILLIAM,VA,23181,37.533843,-76.79732100000001,10.83333333,1,0,NA,0,NA,0
69A1-46-630_KING-WILLIAM_VA_10B9EF58-1766-4507-828C-A1B71513B28F,69A1-46-630,St Johns Episcopal Church,28,121,35.6,42,-33.33333333333333,161514,137497,17.467290195422446,75000,592229.9431459254,0.12664,NA,B-2,GENERAL BUSINESS,NA,0,0,NA,X,RELATIVELY MODERATE,FALSE,FALSE,Low Potential - Constraints,5,FALSE,FALSE,TRUE,FALSE,FALSE,FALSE,"902 MAIN ST, WEST POINT 23181",WEST POINT,KING-WILLIAM,VA,23181,37.533592,-76.797183,10.83333333,1,0,NA,0,NA,0
69A1-46-629_KING-WILLIAM_VA_C9B64A02-6A09-462D-A1C1-E7F5ABD3C648,69A1-46-629,St Johns Episcopal Church,28,121,35.6,42,-33.33333333333333,161514,137497,17.467290195422446,75000,591902.7701049641,0.12671,NA,B-2,GENERAL BUSINESS,NA,0,0,NA,X,RELATIVELY MODERATE,FALSE,FALSE,Low Potential - Constraints,5,FALSE,FALSE,TRUE,FALSE,FALSE,FALSE,"902 MAIN ST, WEST POINT 23181",WEST POINT,KING-WILLIAM,VA,23181,37.533717,-76.797252,10.83333333,1,0,NA,0,NA,0
45A2-((A))-297_SHENANDOAH_VA_A27AFD0B-9F2B-4A88-91E2-9BFDFE89E17B,45A2-((A))-297,Emmanuel Church,25,31,39.571428569999995,59,-57.6271186440678,74169,130648,-43.229900189823034,45000,93304.85807294367,0.48229,NA,B-1,CENTRAL BUSINESS,COMMERCIAL,0,1,NA,X,RELATIVELY MODERATE,FALSE,FALSE,Low Potential - Constraints,5,FALSE,FALSE,TRUE,FALSE,FALSE,FALSE,"114 EAST COURT ST, WOODSTOCK 22664",WOODSTOCK,SHENANDOAH,VA,22664,38.881386000000006,-78.50477,7.33333333,1,NA,NA,NA,NA,NA
16A3(A)21_RICHMOND_VA_E212EDB5-3B1B-4EA4-846F-E743EC55938D,16A3(A)21,St Johns Church,29,34,26,NA,NA,58818,NA,NA,37920,90219.12397991958,0.42031,NA,R-12,RESIDENTIAL OFFICE,MIXED,0,1,NA,X,RELATIVELY HIGH,FALSE,FALSE,Low Potential - Constraints,5,FALSE,FALSE,TRUE,FALSE,FALSE,FALSE,"5458 RICHMOND RD, WARSAW 22572",WARSAW,RICHMOND,VA,22572,37.958412,-76.76449799999999,7.83333333,NA,NA,NA,NA,NA,1
69A1-46-627_KING-WILLIAM_VA_AAF45E17-20A1-48C2-A4BC-0299FDDEE23D,69A1-46-627,St Johns Episcopal Church,28,121,35.6,42,-33.33333333333333,161514,137497,17.467290195422446,25000,197269.7861595518,0.12673,NA,B-2,GENERAL BUSINESS,NA,0,0,NA,X,RELATIVELY MODERATE,FALSE,FALSE,Low Potential - Constraints,5,FALSE,FALSE,TRUE,FALSE,FALSE,FALSE,"UNASSIGNED, WEST POINT 23181",WEST POINT,KING-WILLIAM,VA,23181,37.533968,-76.79738900000001,10.83333333,1,NA,NA,NA,NA,NA
69A1-46-624_KING-WILLIAM_VA_6876F922-53C6-4657-AF16-7938B0C365EA,69A1-46-624,St Johns Episcopal Church,28,121,35.6,42,-33.33333333333333,161514,137497,17.467290195422446,25000,379305.1130329237,0.06591,NA,B-2,GENERAL BUSINESS,NA,0,0,NA,X,RELATIVELY MODERATE,FALSE,FALSE,Low Potential - Constraints,5,FALSE,FALSE,TRUE,FALSE,FALSE,FALSE,"UNASSIGNED, WEST POINT 23181",WEST POINT,KING-WILLIAM,VA,23181,37.533695,-76.796742,10.83333333,1,1,NA,NA,NA,NA
16A3(A)20_RICHMOND_VA_CFAB708D-870C-4901-9DCB-6DE17A4850E6,16A3(A)20,St Johns Church,29,34,26,NA,NA,58818,NA,NA,21323,30311.60264975976,0.70346,NA,R-12,RESIDENTIAL OFFICE,MIXED,0,1,NA,X,RELATIVELY HIGH,FALSE,FALSE,Low Potential - Constraints,5,FALSE,FALSE,TRUE,FALSE,FALSE,FALSE,WARSAW 22572,WARSAW,RICHMOND,VA,22572,37.957879,-76.764593,7.83333333,NA,NA,1,NA,NA,NA
24 54R 1022_KING-AND-QUEEN_VA_EB1AED47-F085-4964-A645-274657BC2C57,24 54R 1022,Immanuel Church,2,2,3.5,6,-66.66666666666666,4791,6906,-30.625543006081667,20900,9880.114968610544,2.11536,NA,NA,AGRICULTURE,NA,0,0,40.166881530000005,X,RELATIVELY HIGH,TRUE,FALSE,Low Potential - Constraints,5,FALSE,FALSE,FALSE,FALSE,FALSE,TRUE,"KING, HOUSE 23085",HOUSE,KING-AND-QUEEN,VA,23085,37.671696,-76.878509,6.16666667,NA,NA,1,NA,NA,NA
69A1-46-624A_KING-WILLIAM_VA_EDAB549D-3F2E-4166-B4A1-0AAACCE5B22C,69A1-46-624A,St Johns Episcopal Church,28,121,35.6,42,-33.33333333333333,161514,137497,17.467290195422446,11250,170248.18401937047,0.06608,NA,B-2,GENERAL BUSINESS,NA,0,0,NA,X,RELATIVELY MODERATE,FALSE,FALSE,Low Potential - Constraints,5,FALSE,FALSE,TRUE,FALSE,FALSE,FALSE,"UNASSIGNED, WEST POINT 23181",WEST POINT,KING-WILLIAM,VA,23181,37.533722,-76.796664,10.83333333,1,1,NA,NA,NA,NA
28A 2 3A_CLARKE_VA_B1B65358-FCA3-4F3A-92EE-892407A17FFD,28A 2 3A,Meade Memorial Church,0,36,NA,NA,NA,0,NA,NA,4600,11316.39154714753,0.40649,NA,RR,RURAL RESIDENTIAL,NA,0,0,NA,X,RELATIVELY LOW,FALSE,FALSE,Low Potential - Constraints,5,FALSE,FALSE,TRUE,FALSE,FALSE,FALSE,WHITE POST 22663,WHITE POST,CLARKE,VA,22663,39.058291,-78.10436399999999,6.83333333,1,NA,NA,1,NA,NA
26 A 74_CLARKE_VA_774C3197-3214-48A2-9E2D-F915194848DD,26 A 74,Church of the Good Shepherd,18,30,15.55555556,NA,NA,49101,NA,NA,2500,7296.713560212481,0.34262,NA,FOC,FORESTAL/OPEN SPACE/CONSERVATION,NA,0,0,NA,X,VERY LOW,FALSE,FALSE,Low Potential - Constraints,5,FALSE,FALSE,TRUE,FALSE,FALSE,FALSE,BLUEMONT 20135,BLUEMONT,CLARKE,VA,20135,39.116982,-77.85874,3.66666667,NA,NA,1,NA,NA,NA
21        48D_STAFFORD_VA_F752F84C-079F-4AD9-B141-C7776D30E324,21        48D,Aquia Church,0,1136,179,210,-100,0,415170,-100,100,102.69365455908479,0.97377,NA,R1,SUBURBAN RESIDENTIAL,RESIDENTIAL,0,0,NA,X,RELATIVELY LOW,FALSE,FALSE,Low Potential - Constraints,5,FALSE,FALSE,TRUE,FALSE,FALSE,FALSE,STAFFORD 22554,STAFFORD,STAFFORD,VA,22554,38.464634,-77.401983,6.83333333,1,NA,NA,1,NA,NA
21        48E_STAFFORD_VA_D2634842-FEE8-4493-8818-5BADE0187D43,21        48E,Aquia Church,0,1136,179,210,-100,0,415170,-100,100,105.51305724083356,0.94775,NA,R1,SUBURBAN RESIDENTIAL,RESIDENTIAL,0,0,NA,X,RELATIVELY LOW,FALSE,FALSE,Low Potential - Constraints,5,FALSE,FALSE,TRUE,FALSE,FALSE,FALSE,STAFFORD 22554,STAFFORD,STAFFORD,VA,22554,38.464490999999995,-77.401544,6.83333333,1,NA,NA,1,NA,NA
24 155_KING-GEORGE_VA_7AE54C41-86E7-4A47-B63C-F4F618A75991,24 155,St Johns Church,24,42,31.1,38,-36.84210526315789,72604,68741,5.619644753495003,NA,NA,49.81875,NA,A2,RURAL AGRICULTURAL DISTRICT,AGRICULTURE,0,0,13.96524023,X,RELATIVELY MODERATE,TRUE,FALSE,Low Potential - Constraints,5,TRUE,FALSE,FALSE,FALSE,FALSE,FALSE,"10367 RECTORY LN, KING GEORGE 22485",KING GEORGE,KING-GEORGE,VA,22485,38.270151,-77.174342,4.5,NA,NA,1,NA,NA,NA
22 25_KING-GEORGE_VA_7AEC623B-DF43-4FA3-AFDB-7584773F6098,22 25,Emmanuel Church,23,6,30.2,38,-39.473684210526315,3469,3126,10.972488803582854,NA,NA,26.21151,NA,A2,RURAL AGRICULTURAL DISTRICT,AGRICULTURE,0,0,17.906231709999997,A,RELATIVELY MODERATE,TRUE,FALSE,Low Potential - Constraints,5,TRUE,FALSE,FALSE,FALSE,FALSE,FALSE,"11005 LAMBS CREEK CHURCH RD, KING GEORGE 22485",KING GEORGE,KING-GEORGE,VA,22485,38.264463,-77.26673,6.666666999999999,NA,NA,1,NA,NA,NA
58-1-0-79-A_GOOCHLAND_VA_BB96CA5C-6CA3-4A07-84ED-EECB17604FD8,58-1-0-79-A,St Francis Episcopal Church,20,23,28.2,27,-25.925925925925924,42024,38960,7.864476386036961,491000,51715.23967011786,9.4943,NA,A2,NA,NA,0,0,NA,X,RELATIVELY LOW,FALSE,TRUE,High Potential,4,FALSE,FALSE,TRUE,FALSE,FALSE,TRUE,"1484 HOCKETT RD, MANAKIN SABOT 23103",MANAKIN SABOT,GOOCHLAND,VA,23103,37.659451,-77.680328,3.5,1,NA,NA,NA,NA,NA
6887-09-4394-000_FAUQUIER_VA_7663C686-5769-490D-B57B-13627148F457,6887-09-4394-000,St Lukes Church,0,19,22.5,26,-100,0,27983,-100,200000,73351.15766464584,2.72661,NA,NA,NA,NA,0,0,NA,X,RELATIVELY LOW,FALSE,TRUE,High Potential,4,FALSE,FALSE,TRUE,FALSE,FALSE,TRUE,"403 NORTH RAPPAHANNOCK ST, REMINGTON 22734",REMINGTON,FAUQUIER,VA,22734,38.536965,-77.80924800000001,7.5,1,NA,NA,NA,NA,NA
7861_ESSEX_VA_B7FE7282-D4CA-4ABD-840D-1A5A46F5A087,7861,Grace Church,0,14,12.6,17,-100,0,23294,-100,153500,43648.2547806924,3.51675,NA,A-2,NA,NA,0,1,NA,X,RELATIVELY HIGH,FALSE,TRUE,High Potential,4,FALSE,FALSE,TRUE,FALSE,FALSE,TRUE,"606 HOWERTON RD, DUNNSVILLE 22454",DUNNSVILLE,ESSEX,VA,22454,37.827164,-76.934005,2.66666667,1,NA,1,1,NA,NA
54-67_KING-WILLIAM_VA_AAB4ED91-A945-4584-9B3F-86C118F54072,54-67,St Johns Episcopal Church,28,121,35.6,42,-33.33333333333333,161514,137497,17.467290195422446,115500,9235.493079377264,12.5061,NA,NA,HISTORIC PRESERVATION,NA,0,0,NA,X,RELATIVELY LOW,FALSE,TRUE,High Potential,4,FALSE,FALSE,TRUE,FALSE,FALSE,TRUE,"103 SAINT JOHNS CHURCH LN, WEST POINT 23181",WEST POINT,KING-WILLIAM,VA,23181,37.616651999999995,-76.920198,5.5,1,NA,NA,NA,NA,NA
58-A-14_FLUVANNA_VA_24D0F9A8-807A-4334-85E2-B4FAE2C8989C,58-A-14,Grace Episcopal Church,11,32,13.6,18,-38.88888888888889,29497,28906,2.0445582232062547,101200,18072.074002642952,5.5998,NA,A-1,NA,NA,0,0,NA,X,RELATIVELY LOW,FALSE,TRUE,High Potential,4,FALSE,FALSE,TRUE,FALSE,FALSE,TRUE,BREMO BLUFF 23022,BREMO BLUFF,FLUVANNA,VA,23022,37.716627,-78.297518,6.83333333,1,NA,NA,1,NA,NA
7944_ESSEX_VA_6C247691-912D-4202-B2AF-5F2C317AD051,7944,Vauters Church,19,85,21.83333333,30,-36.666666666666664,92692,56230,64.84438911613017,64000,25559.922042237773,2.50392,NA,A-1,NA,NA,0,1,NA,X,RELATIVELY HIGH,FALSE,TRUE,Moderate Potential,4,FALSE,FALSE,TRUE,FALSE,FALSE,TRUE,"3661 TIDEWATER TRL, LORETTO 22509",LORETTO,ESSEX,VA,22509,38.087171,-77.068851,3.5,1,NA,NA,1,NA,NA
7895_ESSEX_VA_9F9B3868-8300-43DE-9929-CBD33B5AB3DC,7895,Vauters Church,19,85,21.83333333,30,-36.666666666666664,92692,56230,64.84438911613017,60909,29284.58098947065,2.0799,NA,A-1,NA,NA,0,1,NA,X,RELATIVELY HIGH,FALSE,TRUE,Moderate Potential,4,FALSE,FALSE,TRUE,FALSE,FALSE,TRUE,"3663 TIDEWATER TRL, LORETTO 22509",LORETTO,ESSEX,VA,22509,38.087384,-77.068281,3.5,1,NA,NA,NA,NA,NA
22-65_KING-WILLIAM_VA_C2D04FAE-2BDD-414C-8F52-5B894780CD9A,22-65,St Davids Church,11,50,17.5,31,-64.51612903225806,19409,39897,-51.35223199739328,46750,37294.97734379986,1.25352,NA,NA,AGRIC CONSERVATION,NA,0,0,NA,X,RELATIVELY MODERATE,FALSE,TRUE,Moderate Potential,4,FALSE,FALSE,TRUE,FALSE,FALSE,TRUE,"11291 WEST RIVER RD, AYLETT 23009",AYLETT,KING-WILLIAM,VA,23009,37.78489,-77.103395,4.83333333,1,NA,NA,NA,NA,NA
54-66_KING-WILLIAM_VA_E7964C16-84F3-4AC8-BD5D-5FD510B06A87,54-66,St Johns Episcopal Church,28,121,35.6,42,-33.33333333333333,161514,137497,17.467290195422446,44000,22691.75825025915,1.93903,NA,NA,HISTORIC PRESERVATION,NA,0,0,NA,X,RELATIVELY LOW,FALSE,TRUE,Moderate Potential,4,FALSE,FALSE,TRUE,FALSE,FALSE,TRUE,UNASSIGNED 23181,UNASSIGNED,KING-WILLIAM,VA,23181,37.617206,-76.921844,5.5,NA,NA,1,NA,NA,NA
32-136_RICHMOND_VA_DEF924E5-F9B3-497C-A618-0F4691D3B001,32-136,North Farnham Parish Church,29,35,21.875,NA,NA,46355,NA,NA,26150,12742.112315751006,2.05225,NA,A-1,NA,NA,0,1,NA,X,RELATIVELY MODERATE,FALSE,TRUE,Moderate Potential,4,FALSE,FALSE,TRUE,FALSE,FALSE,TRUE,FARNHAM 22460,FARNHAM,RICHMOND,VA,22460,37.886625,-76.624605,2,NA,NA,1,NA,NA,NA
31-64_RICHMOND_VA_170A3EEB-419B-4D77-A2B3-0F5AC901DFF9,31-64,North Farnham Parish Church,29,35,21.875,NA,NA,46355,NA,NA,6000,2619.8242097955226,2.29023,NA,A-1,NA,NA,0,1,NA,X,RELATIVELY HIGH,FALSE,TRUE,Moderate Potential,4,FALSE,FALSE,TRUE,FALSE,FALSE,TRUE,WARSAW 22572,WARSAW,RICHMOND,VA,22572,37.895347,-76.675896,3.83333333,NA,NA,1,1,NA,NA
22-63_KING-WILLIAM_VA_206E2677-3B1D-4106-8C3A-959239FB6864,22-63,St Davids Church,11,50,17.5,31,-64.51612903225806,19409,39897,-51.35223199739328,800000,1390385.4843755432,0.57538,NA,NA,LOCAL BUSINESS,NA,0,0,NA,X,RELATIVELY MODERATE,FALSE,FALSE,Low Potential - Constraints,4,FALSE,FALSE,TRUE,FALSE,FALSE,TRUE,"11253 WEST RIVER RD, AYLETT 23009",AYLETT,KING-WILLIAM,VA,23009,37.785479,-77.10392,4.83333333,NA,NA,NA,NA,NA,1
91A1-((A))-167_SHENANDOAH_VA_D4361D10-D14B-48F4-AA9F-76030A67665D,91A1-((A))-167,St Andrews Church,25,48,25.42857143,30,-16.666666666666664,86196,71480,20.58757694459989,175100,213745.1171875,0.8192,NA,NA,NA,NA,0,1,NA,X,RELATIVELY MODERATE,FALSE,FALSE,Low Potential - Constraints,4,FALSE,FALSE,TRUE,FALSE,FALSE,TRUE,"5904 MAIN ST, MOUNT JACKSON 22842",MOUNT JACKSON,SHENANDOAH,VA,22842,38.747601,-78.641317,7.16666667,1,NA,NA,NA,NA,NA
91A1-((A))-164_SHENANDOAH_VA_ED865CC6-D351-4C70-A2AB-A208B455DDF7,91A1-((A))-164,St Andrews Church,25,48,25.42857143,30,-16.666666666666664,86196,71480,20.58757694459989,126800,296303.220077581,0.42794,NA,NA,NA,NA,0,1,NA,X,RELATIVELY MODERATE,FALSE,FALSE,Low Potential - Constraints,4,FALSE,FALSE,TRUE,FALSE,FALSE,TRUE,"5880 MAIN ST, MOUNT JACKSON 22842",MOUNT JACKSON,SHENANDOAH,VA,22842,38.747896999999995,-78.641126,7.16666667,NA,NA,NA,NA,NA,1
P3140_ROCKINGHAM_VA_8A78FA65-7D0F-4B95-B26B-6DC1CE7EFEFC,P3140,Grace Memorial Church,22,54,26.71428571,NA,NA,48397,NA,NA,100700,33218.53640514079,3.03144,NA,NA,NA,NA,0,0,10.38736891,NA,RELATIVELY LOW,TRUE,FALSE,Low Potential - Constraints,4,FALSE,FALSE,FALSE,TRUE,FALSE,TRUE,"7051 ORE BANK RD, PORT REPUBLIC 24471",PORT REPUBLIC,ROCKINGHAM,VA,24471,38.300549,-78.766936,2.83333333,1,NA,1,NA,NA,1
13A-1-C-1_CAROLINE_VA_1B464984-65AD-4496-940B-108670E7CFBE,13A-1-C-1,St Peters Church,22,35,33.6,38,-42.10526315789473,102387,95764,6.915960068501733,80000,141011.40429732256,0.56733,NA,RP,NA,NA,0,0,NA,X,RELATIVELY LOW,FALSE,FALSE,Low Potential - Constraints,4,FALSE,FALSE,TRUE,FALSE,FALSE,TRUE,"823 WATER ST, PORT ROYAL 22535",PORT ROYAL,CAROLINE,VA,22535,38.171476,-77.188801,4.33333333,1,NA,NA,NA,NA,1
13A-1-C-3_CAROLINE_VA_D13F3109-3264-4E76-A250-0276A9E78AFD,13A-1-C-3,St Peters Church,22,35,33.6,38,-42.10526315789473,102387,95764,6.915960068501733,80000,138226.55332089294,0.57876,NA,RP,NA,NA,0,0,NA,X,RELATIVELY LOW,FALSE,FALSE,Low Potential - Constraints,4,FALSE,FALSE,TRUE,FALSE,FALSE,TRUE,"823 WATER ST, PORT ROYAL 22535",PORT ROYAL,CAROLINE,VA,22535,38.171133000000005,-77.189154,4.33333333,1,NA,NA,1,NA,NA
69A3-85-1297_KING-WILLIAM_VA_D21D685F-A442-43AD-A86A-8734AB3B5C35,69A3-85-1297,St Pauls Church,0,40,21.42857143,27,-100,0,20168,-100,80000,479846.4491362764,0.16672,NA,NA,LOCAL BUSINESS,NA,0,0,NA,X,RELATIVELY MODERATE,FALSE,FALSE,Low Potential - Constraints,4,FALSE,FALSE,TRUE,FALSE,FALSE,TRUE,"UNASSIGNED, WEST POINT 23181",WEST POINT,KING-WILLIAM,VA,23181,37.538384,-76.797358,10.83333333,1,NA,NA,NA,NA,NA
69A3-85-1295_KING-WILLIAM_VA_E21748C0-2D5B-4660-9BE6-060FF446948E,69A3-85-1295,St Pauls Church,0,40,21.42857143,27,-100,0,20168,-100,80000,484584.16621236905,0.16509,NA,NA,LOCAL BUSINESS,NA,0,0,NA,X,RELATIVELY MODERATE,FALSE,FALSE,Low Potential - Constraints,4,FALSE,FALSE,TRUE,FALSE,FALSE,TRUE,"UNASSIGNED, WEST POINT 23181",WEST POINT,KING-WILLIAM,VA,23181,37.538427000000006,-76.797017,10.83333333,1,NA,NA,NA,NA,NA
69A3-85-1296_KING-WILLIAM_VA_E91AD8B2-300E-4B00-B046-A86A15F5040F,69A3-85-1296,St Pauls Church,0,40,21.42857143,27,-100,0,20168,-100,80000,486618.00486618007,0.1644,NA,NA,LOCAL BUSINESS,NA,0,0,NA,X,RELATIVELY MODERATE,FALSE,FALSE,Low Potential - Constraints,4,FALSE,FALSE,TRUE,FALSE,FALSE,TRUE,"UNASSIGNED, WEST POINT 23181",WEST POINT,KING-WILLIAM,VA,23181,37.53858,-76.797102,10.83333333,1,NA,NA,NA,NA,NA
69A3-85-1294B_KING-WILLIAM_VA_22BD56EC-9A79-456A-A76C-EE3813CB3D38,69A3-85-1294B,St Pauls Church,0,40,21.42857143,27,-100,0,20168,-100,80000,2940095.553105476,0.02721,NA,NA,LOCAL BUSINESS,NA,0,0,NA,X,RELATIVELY MODERATE,FALSE,FALSE,Low Potential - Constraints,4,FALSE,FALSE,TRUE,FALSE,FALSE,TRUE,"UNASSIGNED, WEST POINT 23181",WEST POINT,KING-WILLIAM,VA,23181,37.538339,-76.796967,10.83333333,1,NA,NA,NA,NA,NA
69A3-85-1300_KING-WILLIAM_VA_AA831D06-E78D-4D56-B9F6-0C9CD7068248,69A3-85-1300,St Pauls Church,0,40,21.42857143,27,-100,0,20168,-100,80000,479875.2324395657,0.16671,NA,NA,LOCAL BUSINESS,NA,0,0,NA,X,RELATIVELY MODERATE,FALSE,FALSE,Low Potential - Constraints,4,FALSE,FALSE,TRUE,FALSE,FALSE,TRUE,"UNASSIGNED, WEST POINT 23181",WEST POINT,KING-WILLIAM,VA,23181,37.538324,-76.797532,10.83333333,1,NA,NA,NA,NA,NA
69A3-85-1301_KING-WILLIAM_VA_F28D9823-8048-4A27-B784-0F1D1F70A60E,69A3-85-1301,St Pauls Church,0,40,21.42857143,27,-100,0,20168,-100,80000,479990.40019199613,0.16667,NA,NA,LOCAL BUSINESS,NA,0,0,NA,X,RELATIVELY MODERATE,FALSE,FALSE,Low Potential - Constraints,4,FALSE,FALSE,TRUE,FALSE,FALSE,TRUE,"UNASSIGNED, WEST POINT 23181",WEST POINT,KING-WILLIAM,VA,23181,37.538263,-76.797706,10.83333333,1,NA,NA,NA,NA,NA
39A       27_MADISON_VA_F887024E-609C-41B4-AE00-D8335B6B9178,39A       27,Piedmont/Bromfield Parish,29,75,36.666666670000005,60,-51.66666666666667,70810,95397,-25.773347170246442,65000,146832.92671907472,0.44268,NA,R1,NA,NA,0,0,NA,X,RELATIVELY LOW,FALSE,FALSE,Low Potential - Constraints,4,FALSE,FALSE,TRUE,FALSE,FALSE,TRUE,"214 CHURCH ST, MADISON 22727",MADISON,MADISON,VA,22727,38.379245,-78.256711,8.33333333,1,NA,NA,NA,NA,NA
43A4-2-5_CAROLINE_VA_30119625-AA83-40EC-B878-546561844ABB,43A4-2-5,St Asaphs Church,0,155,52.33333333,58,-100,0,98603,-100,60000,114993.19623588938,0.52177,NA,RP,NA,NA,0,0,NA,X,RELATIVELY LOW,FALSE,FALSE,Low Potential - Constraints,4,FALSE,FALSE,TRUE,FALSE,FALSE,TRUE,"DORSEY LANE LN, BOWLING GREEN 22427",BOWLING GREEN,CAROLINE,VA,22427,38.048035,-77.347224,4.83333333,NA,NA,NA,NA,NA,1
39A       28_MADISON_VA_CC717890-DA2E-4642-B0C5-2762C02C3003,39A       28,Piedmont/Bromfield Parish,29,75,36.666666670000005,60,-51.66666666666667,70810,95397,-25.773347170246442,52000,120359.22599759282,0.43204,NA,R1,NA,NA,0,0,NA,X,RELATIVELY LOW,FALSE,FALSE,Low Potential - Constraints,4,FALSE,FALSE,TRUE,FALSE,FALSE,TRUE,"206 CHURCH ST, MADISON 22727",MADISON,MADISON,VA,22727,38.379438,-78.25696,8.33333333,NA,NA,NA,NA,NA,1
43A4-3-A-3_CAROLINE_VA_8D634FC1-7A7B-4580-8A95-29D97AF45244,43A4-3-A-3,St Asaphs Church,0,155,52.33333333,58,-100,0,98603,-100,50000,258077.83627542068,0.19374,NA,RP,NA,NA,0,0,NA,X,RELATIVELY LOW,FALSE,FALSE,Low Potential - Constraints,4,FALSE,FALSE,TRUE,FALSE,FALSE,TRUE,"130 SOUTH MAIN ST, BOWLING GREEN 22427",BOWLING GREEN,CAROLINE,VA,22427,38.047798,-77.346472,4.83333333,1,NA,NA,NA,NA,NA
43A4-3-A-4_CAROLINE_VA_26EFEB22-14D7-499D-98C5-B35A12DD290F,43A4-3-A-4,St Asaphs Church,0,155,52.33333333,58,-100,0,98603,-100,50000,257771.82038459554,0.19397,NA,RP,NA,NA,0,0,NA,X,RELATIVELY LOW,FALSE,FALSE,Low Potential - Constraints,4,FALSE,FALSE,TRUE,FALSE,FALSE,TRUE,"130 SOUTH MAIN ST, BOWLING GREEN 22427",BOWLING GREEN,CAROLINE,VA,22427,38.04792,-77.346524,4.83333333,1,NA,NA,NA,NA,NA
69A1-53-735A_KING-WILLIAM_VA_CB97AA16-2A4A-4696-8348-0599A19C3F9F,69A1-53-735A,St Johns Episcopal Church,28,121,35.6,42,-33.33333333333333,161514,137497,17.467290195422446,42500,626566.4160401003,0.06783,NA,R-4,NA,NA,0,0,NA,X,RELATIVELY MODERATE,FALSE,FALSE,Low Potential - Constraints,4,FALSE,FALSE,TRUE,FALSE,FALSE,TRUE,"415 10 ST, WEST POINT 23181",WEST POINT,KING-WILLIAM,VA,23181,37.534479999999995,-76.797079,10.83333333,1,NA,1,NA,NA,1
69A1-53-738_KING-WILLIAM_VA_F49276F9-76E5-476A-BECA-CF7BE62B80C0,69A1-53-738,St Johns Episcopal Church,28,121,35.6,42,-33.33333333333333,161514,137497,17.467290195422446,42500,313237.0283018868,0.13568,NA,R-4,NA,NA,0,0,NA,X,RELATIVELY MODERATE,FALSE,FALSE,Low Potential - Constraints,4,FALSE,FALSE,TRUE,FALSE,FALSE,TRUE,"415 10 ST, WEST POINT 23181",WEST POINT,KING-WILLIAM,VA,23181,37.534521,-76.796962,10.83333333,1,NA,1,NA,NA,1
54A-1-44_FLUVANNA_VA_0C26B0AB-2EF6-46FA-8B18-FE15CC96AE11,54A-1-44,St Johns Church,18,22,17.666666669999998,21,-14.285714285714285,25987,29213,-11.043028788553041,30000,37547.403597041266,0.79899,NA,R-4,NA,NA,0,0,NA,X,RELATIVELY LOW,FALSE,FALSE,Low Potential - Constraints,4,FALSE,FALSE,TRUE,FALSE,FALSE,TRUE,"43 WASHINGTON ST, COLUMBIA 23038",COLUMBIA,FLUVANNA,VA,23038,37.753809,-78.162264,3,1,NA,NA,1,NA,NA
32-138_RICHMOND_VA_F78A2711-D2D4-4D26-9703-7AD14AB629EB,32-138,North Farnham Parish Church,29,35,21.875,NA,NA,46355,NA,NA,20829,25632.852976285703,0.81259,NA,R-1,NA,NA,0,1,NA,X,RELATIVELY MODERATE,FALSE,FALSE,Low Potential - Constraints,4,FALSE,FALSE,TRUE,FALSE,FALSE,TRUE,"231 NORTH FARNHAM CHURCH RD, FARNHAM 22460",FARNHAM,RICHMOND,VA,22460,37.885964,-76.62528200000001,2,1,NA,NA,NA,NA,NA
32-137_RICHMOND_VA_EFE8B04E-16E9-45C1-A9FF-0671108AF38C,32-137,North Farnham Parish Church,29,35,21.875,NA,NA,46355,NA,NA,20177,52466.39103414203,0.38457,NA,R-1,NA,NA,0,1,NA,X,RELATIVELY MODERATE,FALSE,FALSE,Low Potential - Constraints,4,FALSE,FALSE,TRUE,FALSE,FALSE,TRUE,"28 CANAL RD, FARNHAM 22460",FARNHAM,RICHMOND,VA,22460,37.88639,-76.62535299999999,2,NA,NA,1,NA,NA,NA
54A-1-46_FLUVANNA_VA_1269D337-5A82-4F74-B4BA-A85666AA9F68,54A-1-46,St Johns Church,18,22,17.666666669999998,21,-14.285714285714285,25987,29213,-11.043028788553041,15000,39950.99344803707,0.37546,NA,R-4,NA,NA,0,0,NA,X,RELATIVELY LOW,FALSE,FALSE,Low Potential - Constraints,4,FALSE,FALSE,TRUE,FALSE,FALSE,TRUE,"48 CAMERON ST, COLUMBIA 23038",COLUMBIA,FLUVANNA,VA,23038,37.753178000000005,-78.161158,3,NA,NA,NA,NA,NA,1
24 54R 40_KING-AND-QUEEN_VA_ED25247E-2917-4E87-A8D0-DB16B192E3DE,24 54R 40,Immanuel Church,2,2,3.5,6,-66.66666666666666,4791,6906,-30.625543006081667,15000,22700.4449287206,0.66078,NA,NA,AGRICULTURE,NA,0,0,NA,X,RELATIVELY HIGH,FALSE,FALSE,Low Potential - Constraints,4,FALSE,FALSE,TRUE,FALSE,FALSE,TRUE,"190 ALLENS CIR, QUEEN CH 23085",QUEEN CH,KING-AND-QUEEN,VA,23085,37.6708,-76.87798099999998,6.16666667,1,NA,NA,NA,NA,NA
24 54R 39_KING-AND-QUEEN_VA_09866462-C7D5-44C3-9EDD-6FB248369BFB,24 54R 39,Immanuel Church,2,2,3.5,6,-66.66666666666666,4791,6906,-30.625543006081667,10000,21294.265454313154,0.46961,NA,NA,AGRICULTURE,NA,0,0,NA,X,RELATIVELY HIGH,FALSE,FALSE,Low Potential - Constraints,4,FALSE,FALSE,TRUE,FALSE,FALSE,TRUE,"208 ALLENS CIR, QUEEN CH 23085",QUEEN CH,KING-AND-QUEEN,VA,23085,37.670403,-76.87807,6.16666667,1,NA,NA,NA,NA,NA
54A-1-27_FLUVANNA_VA_B52AE9ED-B9EF-4B1B-845A-8468FCDF5702,54A-1-27,St Johns Church,18,22,17.666666669999998,21,-14.285714285714285,25987,29213,-11.043028788553041,6000,11635.122556624263,0.51568,NA,R-4,NA,NA,0,0,NA,X,RELATIVELY LOW,FALSE,FALSE,Low Potential - Constraints,4,FALSE,FALSE,TRUE,FALSE,FALSE,TRUE,"64 K ST, COLUMBIA 23038",COLUMBIA,FLUVANNA,VA,23038,37.754414,-78.162325,3,NA,NA,1,NA,NA,NA
54A-1-11_FLUVANNA_VA_A53E9E18-24C3-45B5-8975-5D91B66AA0A0,54A-1-11,St Johns Church,18,22,17.666666669999998,21,-14.285714285714285,25987,29213,-11.043028788553041,5000,10661.43545566975,0.46898,NA,R-4,NA,NA,0,0,NA,X,RELATIVELY LOW,FALSE,FALSE,Low Potential - Constraints,4,FALSE,FALSE,TRUE,FALSE,FALSE,TRUE,"FAYETTE ST, COLUMBIA 23038",COLUMBIA,FLUVANNA,VA,23038,37.754815,-78.16206600000001,3,NA,NA,1,NA,NA,NA
54A-1-28_FLUVANNA_VA_B80B041C-46E6-4DD9-B722-6E5529A0041D,54A-1-28,St Johns Church,18,22,17.666666669999998,21,-14.285714285714285,25987,29213,-11.043028788553041,5000,9120.259744997538,0.54823,NA,R-4,NA,NA,0,0,NA,AE,RELATIVELY LOW,TRUE,FALSE,Low Potential - Constraints,4,FALSE,FALSE,TRUE,FALSE,FALSE,TRUE,"WASHINGTON ST, COLUMBIA 23038",COLUMBIA,FLUVANNA,VA,23038,37.754238,-78.161912,3,NA,NA,1,NA,NA,NA
32-137A_RICHMOND_VA_5C80170E-5F64-4772-B56C-4693043EBFD6,32-137A,North Farnham Parish Church,29,35,21.875,NA,NA,46355,NA,NA,600,1342.972894330416,0.44677,NA,R-1,NA,NA,0,1,NA,X,RELATIVELY MODERATE,FALSE,FALSE,Low Potential - Constraints,4,FALSE,FALSE,TRUE,FALSE,FALSE,TRUE,FARNHAM 22460,FARNHAM,RICHMOND,VA,22460,37.886210000000005,-76.624921,2,NA,NA,NA,1,NA,NA
54A-1-60B_FLUVANNA_VA_83C63258-4D5B-4279-849A-C31F3A4A42D1,54A-1-60B,St Johns Church,18,22,17.666666669999998,21,-14.285714285714285,25987,29213,-11.043028788553041,500,4604.475550234828,0.10859,NA,BC,NA,NA,0,0,NA,X,RELATIVELY LOW,FALSE,FALSE,Low Potential - Constraints,4,FALSE,FALSE,TRUE,FALSE,FALSE,TRUE,COLUMBIA 23038,COLUMBIA,FLUVANNA,VA,23038,37.753359,-78.162379,3,1,NA,NA,1,NA,NA
5-29_WESTMORELAND_VA_C8D9728C-8D8B-4C03-9630-DD382A58AE99,5-29,St Pauls Church Nomini Grove,29,39,23.2,23,26.08695652173913,18859,25068,-24.76862932822722,NA,NA,25.16831,NA,A1,NA,NA,0,1,10.99602794,A,RELATIVELY MODERATE,TRUE,FALSE,Low Potential - Constraints,4,TRUE,FALSE,FALSE,FALSE,FALSE,TRUE,COLONIAL BEACH 22443,COLONIAL BEACH,WESTMORELAND,VA,22443,38.228408,-77.037685,4.83333333,NA,NA,1,NA,NA,NA
24B 4 20B_KING-GEORGE_VA_FD75C6B2-DFC2-484F-86B2-146BE6F6D7D4,24B 4 20B,St Johns Church,24,42,31.1,38,-36.84210526315789,72604,68741,5.619644753495003,NA,NA,0.25349,NA,C2,GENERAL TRADE DISTRICT,COMMERCIAL,0,0,NA,X,RELATIVELY MODERATE,FALSE,FALSE,Low Potential - Constraints,4,TRUE,FALSE,TRUE,FALSE,FALSE,FALSE,KING GEORGE 22485,KING GEORGE,KING-GEORGE,VA,22485,38.267559,-77.18148699999999,7.33333333,1,0,1,NA,NA,0
24B 4 20_KING-GEORGE_VA_2C927B36-CEB1-41A6-901F-FE7285DB4F2E,24B 4 20,St Johns Church,24,42,31.1,38,-36.84210526315789,72604,68741,5.619644753495003,NA,NA,0.69205,NA,C2,GENERAL TRADE DISTRICT,COMMERCIAL,0,0,NA,X,RELATIVELY MODERATE,FALSE,FALSE,Low Potential - Constraints,4,TRUE,FALSE,TRUE,FALSE,FALSE,FALSE,"9403 KINGS HWY, KING GEORGE 22485",KING GEORGE,KING-GEORGE,VA,22485,38.267347,-77.181672,7.33333333,1,NA,NA,NA,NA,NA
14        4A_CULPEPER_VA_5CFE5159-ADF6-4667-AD8E-67AEBA2A6FEE,14        4A,Little Fork Episcopal Church,25,63,34.11111111,40,-37.5,90314,86396,4.534932172785777,NA,NA,0.91054,NA,A1,AGRICULTURAL,AGRICULTURE,0,0,NA,X,RELATIVELY LOW,FALSE,FALSE,Low Potential - Constraints,4,TRUE,FALSE,TRUE,FALSE,FALSE,FALSE,"OAK SHADE RD, RIXEYVILLE 22737",RIXEYVILLE,CULPEPER,VA,22737,38.598969,-77.95523,5.66666667,1,NA,NA,NA,NA,NA
38 20_KING-GEORGE_VA_BA6DE2D6-B3C6-4597-BAE6-0CB4372014A9,38 20,Emmanuel Church,23,6,30.2,38,-39.473684210526315,3469,3126,10.972488803582854,NA,NA,0.39604,NA,A1,LIMITED AGRICULTURAL DISTRICT,AGRICULTURE,0,0,NA,X,RELATIVELY MODERATE,FALSE,FALSE,Low Potential - Constraints,4,TRUE,FALSE,TRUE,FALSE,FALSE,FALSE,"17062 JAMES MADISON PKWY, KING GEORGE 22485",KING GEORGE,KING-GEORGE,VA,22485,38.179528,-77.185808,4.5,1,NA,NA,1,NA,NA
33       30_CULPEPER_VA_21375890-D15C-44E5-BFDE-0DD98602179A,33       30,Christ Church,24,41,24.8,NA,NA,38728,NA,NA,NA,NA,0.90241,NA,CS,COMMERCIAL SERVICES DISTRICT,COMMERCIAL,0,0,NA,X,RELATIVELY MODERATE,FALSE,FALSE,Low Potential - Constraints,4,TRUE,FALSE,TRUE,FALSE,FALSE,FALSE,"14586 ALANTHUS RD, BRANDY STATION 22714",BRANDY STATION,CULPEPER,VA,22714,38.502502,-77.894417,4.33333333,1,NA,NA,NA,NA,NA
5-28A_WESTMORELAND_VA_95F99C7D-8280-4CF4-B9B4-54EB17395010,5-28A,St Pauls Church Nomini Grove,29,39,23.2,23,26.08695652173913,18859,25068,-24.76862932822722,NA,NA,1.39945,NA,A1,NA,NA,0,1,NA,X,RELATIVELY MODERATE,FALSE,TRUE,Insufficient Data,3,TRUE,FALSE,TRUE,FALSE,FALSE,TRUE,"2265 LONGFIELD RD, COLONIAL BEACH 22443",COLONIAL BEACH,WESTMORELAND,VA,22443,38.230087999999995,-77.03544,4.83333333,NA,NA,NA,NA,NA,1
52-9_WESTMORELAND_VA_2D943ABD-25C0-47B7-A302-0ADD56D6C319,52-9,St Pauls Church Nomini Grove,29,39,23.2,23,26.08695652173913,18859,25068,-24.76862932822722,NA,NA,2.72444,NA,A1,NA,NA,0,1,NA,X,RELATIVELY HIGH,FALSE,TRUE,Insufficient Data,3,TRUE,FALSE,TRUE,FALSE,FALSE,TRUE,WARSAW 22572,WARSAW,WESTMORELAND,VA,22572,38.0338,-76.745535,2.83333333,NA,NA,1,NA,NA,NA
34A2-1-6-12A_WESTMORELAND_VA_56712AC0-00BB-45D4-8751-F050494469EB,34A2-1-6-12A,St James Church,25,100,25.3,32,-21.875,55882,58597,-4.63334300390805,NA,NA,1.12368,NA,A1,NA,NA,0,1,NA,X,RELATIVELY HIGH,FALSE,TRUE,Insufficient Data,3,TRUE,FALSE,TRUE,FALSE,FALSE,TRUE,MONTROSS 22520,MONTROSS,WESTMORELAND,VA,22520,38.094094,-76.826997,8.166666670000001,1,NA,NA,NA,NA,NA
52-8A_WESTMORELAND_VA_A9A223F5-FBE3-4E4D-AAFA-66E14B8B03DB,52-8A,St Pauls Church Nomini Grove,29,39,23.2,23,26.08695652173913,18859,25068,-24.76862932822722,NA,NA,0.18617,NA,A1,NA,NA,0,1,NA,X,RELATIVELY HIGH,FALSE,FALSE,Insufficient Data,3,TRUE,FALSE,TRUE,FALSE,FALSE,TRUE,WARSAW 22572,WARSAW,WESTMORELAND,VA,22572,38.034041,-76.744599,2.83333333,NA,NA,1,NA,NA,NA
34A2-1-6-11_WESTMORELAND_VA_CDD79F6F-7DBB-4631-97D7-1265B56589B3,34A2-1-6-11,St James Church,25,100,25.3,32,-21.875,55882,58597,-4.63334300390805,NA,NA,0.80487,NA,A1,NA,NA,0,1,NA,X,RELATIVELY HIGH,FALSE,FALSE,Insufficient Data,3,TRUE,FALSE,TRUE,FALSE,FALSE,TRUE,"15870 KINGS HWY, MONTROSS 22520",MONTROSS,WESTMORELAND,VA,22520,38.094819,-76.827101,8.166666670000001,1,NA,NA,NA,NA,NA
34A2-1-6-7B_WESTMORELAND_VA_98F5B32C-431B-465C-9BF3-E889A1142981,34A2-1-6-7B,St James Church,25,100,25.3,32,-21.875,55882,58597,-4.63334300390805,NA,NA,0.26251,NA,A1,NA,NA,0,1,NA,X,RELATIVELY HIGH,FALSE,FALSE,Insufficient Data,3,TRUE,FALSE,TRUE,FALSE,FALSE,TRUE,MONTROSS 22520,MONTROSS,WESTMORELAND,VA,22520,38.09448,-76.827351,8.166666670000001,1,NA,1,NA,NA,NA
P27499_ROCKINGHAM_VA_DEE8B0DD-1355-407F-A4E7-8C73642305FB,P27499,St Stephen & the Good Shepherd,0,28,25,NA,NA,0,NA,NA,101900,16159.70033984532,6.305809999999999,NA,NA,NA,NA,0,0,NA,NA,RELATIVELY LOW,NA,NA,Insufficient Data,3,FALSE,FALSE,TRUE,TRUE,FALSE,TRUE,"7078 ROCKY BAR RD, ELKTON 22827",ELKTON,ROCKINGHAM,VA,22827,38.345031,-78.70047,2.83333333,1,NA,NA,NA,NA,NA
P36106_ROCKINGHAM_VA_635E7D93-99FC-41C0-AA02-4C7EFACB8B2D,P36106,St Stephen & the Good Shepherd,0,28,25,NA,NA,0,NA,NA,15000,101529.71436307025,0.14774,NA,NA,NA,NA,0,0,NA,NA,RELATIVELY LOW,NA,NA,Insufficient Data,3,FALSE,FALSE,TRUE,TRUE,FALSE,TRUE,"7066 ROCKY BAR RD, ELKTON 22827",ELKTON,ROCKINGHAM,VA,22827,38.344452,-78.70038,2.83333333,1,NA,NA,NA,NA,NA
34A2-1-6-7E_WESTMORELAND_VA_37A67A9B-98B3-43B2-9CA5-11248AE6F36E,34A2-1-6-7E,St James Church,25,100,25.3,32,-21.875,55882,58597,-4.63334300390805,NA,NA,0.39791,NA,A1,NA,NA,0,1,NA,NA,RELATIVELY HIGH,NA,NA,Insufficient Data,2,TRUE,FALSE,TRUE,TRUE,FALSE,TRUE,MONTROSS 22520,MONTROSS,WESTMORELAND,VA,22520,38.094116,-76.827473,8.166666670000001,NA,NA,1,NA,NA,NA
34-132_WESTMORELAND_VA_4463C697-241E-45B6-982C-8161901EDDF5,34-132,St James Church,25,100,25.3,32,-21.875,55882,58597,-4.63334300390805,NA,NA,1.03877,NA,A1,NA,NA,0,1,NA,NA,RELATIVELY HIGH,NA,NA,Insufficient Data,2,TRUE,FALSE,TRUE,TRUE,FALSE,TRUE,"218 RECTORY RD, MONTROSS 22520",MONTROSS,WESTMORELAND,VA,22520,38.092374,-76.825491,8.166666670000001,1,NA,NA,NA,NA,1
NA,NA,St Francis Korean Church,0,30,20,NA,NA,0,NA,NA,NA,NA,NA,NA,NA,NA,NA,NA,NA,NA,NA,NA,NA,NA,Insufficient Data,0,TRUE,TRUE,TRUE,TRUE,TRUE,TRUE,NA,NA,NA,NA,NA,NA,NA,NA,NA,NA,NA,NA,NA,NA
NA,NA,St Andrews Church,0,65,7.5,NA,NA,0,NA,NA,NA,NA,NA,NA,NA,NA,NA,NA,NA,NA,NA,NA,NA,NA,Insufficient Data,0,TRUE,TRUE,TRUE,TRUE,TRUE,TRUE,NA,NA,NA,NA,NA,NA,NA,NA,NA,NA,NA,NA,NA,NA
NA,NA,Olivet Church,15,19,29.14285714,42,-64.28571428571429,35580,194690,-81.72479326108171,NA,NA,NA,NA,NA,NA,NA,NA,NA,NA,NA,NA,NA,NA,Insufficient Data,0,TRUE,TRUE,TRUE,TRUE,TRUE,TRUE,NA,NA,NA,NA,NA,NA,NA,NA,NA,NA,NA,NA,NA,NA
NA,NA,La Iglesia de San Jose,27,92,49.7,87,-68.96551724137932,34486,50350,-31.50744786494538,NA,NA,NA,NA,NA,NA,NA,NA,NA,NA,NA,NA,NA,NA,Insufficient Data,0,TRUE,TRUE,TRUE,TRUE,TRUE,TRUE,NA,NA,NA,NA,NA,NA,NA,NA,NA,NA,NA,NA,NA,NA
NA,NA,Church of the Spirit,0,30,28.6,0,NA,0,NA,NA,NA,NA,NA,NA,NA,NA,NA,NA,NA,NA,NA,NA,NA,NA,Insufficient Data,0,TRUE,TRUE,TRUE,TRUE,TRUE,TRUE,NA,NA,NA,NA,NA,NA,NA,NA,NA,NA,NA,NA,NA,NA
